asset,profile,entry,val_px,conf_px_h4,conf_px_ut2,val_i,conf_h4_i,conf_ut2_i
BTCUSDT,FAIBLE,9493.63,9928.63,9992.609999999999,,,,
BTCUSDT,FAIBLE,9507.99,9942.99,10006.97,,,,
BTCUSDT,FAIBLE,9527.39,10019.31,10083.289999999999,,,,
BTCUSDT,FAIBLE,9554.76,10112.4,10189.06,,,,
BTCUSDT,FAIBLE,9583.49,10130.8,10217.789999999999,,,,
BTCUSDT,FAIBLE,9584.63,10131.939999999999,10218.929999999998,,,,
BTCUSDT,FAIBLE,9577.05,10112.369999999999,10211.349999999999,,,,
BTCUSDT,FAIBLE,9674.11,10239.11,10340.09,,1935.0,1938.0,
BTCUSDT,FAIBLE,9701.54,10284.02,10392.62,,,,
BTCUSDT,FAIBLE,9719.98,10187.98,10415.96,,1935.0,1938.0,
BTCUSDT,FAIBLE,11355.05,12993.05,13756.05,,,,
BTCUSDT,FAIBLE,11666.32,13302.38,14334.47,,,,
BTCUSDT,FAIBLE,11790.92,13097.11,14569.11,,,,
BTCUSDT,FAIBLE,12026.41,13484.4,14956.4,,,,
BTCUSDT,FAIBLE,11227.07,12891.32,14250.31,,,,
BTCUSDT,FAIBLE,11127.9,12792.15,14139.15,,,,
BTCUSDT,FAIBLE,11248.83,12913.08,14229.08,,,,
BTCUSDT,FAIBLE,11286.62,12950.87,14168.87,,,,
BTCUSDT,FAIBLE,11444.46,13108.71,14326.71,,,,
BTCUSDT,FAIBLE,12041.88,12909.25,14531.13,,,,
BTCUSDT,FAIBLE,11790.0,12763.0,13454.25,,,,
BTCUSDT,FAIBLE,11733.78,12706.78,13398.03,,,,
BTCUSDT,FAIBLE,11808.99,12781.99,13473.24,,,,
BTCUSDT,FAIBLE,12443.99,13661.99,14010.99,,,,
BTCUSDT,FAIBLE,12350.16,13577.58,13926.58,,,,
BTCUSDT,FAIBLE,11762.14,12299.58,13134.56,,,,
BTCUSDT,FAIBLE,11753.29,12256.230000000001,13125.710000000001,,,,
BTCUSDT,FAIBLE,11616.24,12190.92,12985.66,,,,
BTCUSDT,FAIBLE,11934.24,12759.62,13303.66,,,,
BTCUSDT,FAIBLE,10274.95,12457.37,12457.37,,,,
BTCUSDT,FAIBLE,13448.85,14244.36,15784.36,,,,
BTCUSDT,FAIBLE,13605.16,14540.73,16080.73,,,,
BTCUSDT,FAIBLE,13650.01,14679.01,16219.01,,,,
BTCUSDT,FAIBLE,13043.02,14191.02,15731.02,,,,
BTCUSDT,FAIBLE,13549.12,14683.12,16237.12,,,,
BTCUSDT,FAIBLE,13565.01,14699.01,16213.01,,,,
BTCUSDT,FAIBLE,13680.13,14944.13,16570.129999999997,,,,
BTCUSDT,FAIBLE,13790.02,15054.02,16629.6,,,,
BTCUSDT,FAIBLE,13732.13,14996.13,16474.129999999997,,,,
BTCUSDT,FAIBLE,13712.05,14752.05,16194.039999999999,,,,
BTCUSDT,FAIBLE,14016.55,15056.55,16483.55,,,,
BTCUSDT,FAIBLE,14097.25,15182.25,16526.25,,,,
BTCUSDT,FAIBLE,15807.89,18100.41,19063.09,,,,
BTCUSDT,FAIBLE,15298.13,16932.33,18406.33,,,,
BTCUSDT,FAIBLE,15404.54,16923.54,18512.74,,,,
BTCUSDT,FAIBLE,15576.66,17095.66,18684.86,,,,
BTCUSDT,FAIBLE,15671.21,17190.21,18779.41,,,,
BTCUSDT,FAIBLE,16282.0,17939.99,19661.99,,,,
BTCUSDT,FAIBLE,16085.39,17743.38,19425.27,,,,
BTCUSDT,FAIBLE,16231.27,17273.56,19516.260000000002,,2616.0,2695.0,
BTCUSDT,FAIBLE,16445.0,17487.29,19729.99,,2617.0,2788.0,
BTCUSDT,FAIBLE,16776.69,18185.989999999998,20428.69,,2621.0,2789.0,
BTCUSDT,FAIBLE,20737.75,23714.74,24073.75,,,,
BTCUSDT,FAIBLE,21346.81,24934.600000000002,25391.81,,,,
BTCUSDT,FAIBLE,21768.72,25740.72,26435.72,,,,
BTCUSDT,FAIBLE,23084.0,28002.22,29417.04,,,,
BTCUSDT,FAIBLE,23569.03,28417.43,29902.07,,,,
BTCUSDT,FAIBLE,23826.74,26282.74,30647.74,,,,
BTCUSDT,FAIBLE,23709.99,26165.99,30530.99,,,,
BTCUSDT,FAIBLE,23471.54,25927.54,30292.54,,,,
BTCUSDT,FAIBLE,23738.75,26194.75,30559.75,,2852.0,2891.0,
BTCUSDT,FAIBLE,23490.14,25946.14,30311.14,,2852.0,2891.0,
BTCUSDT,FAIBLE,24605.22,27403.22,31768.22,,2854.0,2892.0,
BTCUSDT,FAIBLE,34861.71,43010.37,48237.850000000006,,,,
BTCUSDT,FAIBLE,36909.86,46905.28,52132.759999999995,,,,
BTCUSDT,FAIBLE,37919.72,48174.72,53402.2,,,,
BTCUSDT,FAIBLE,39050.0,50300.0,55527.479999999996,,,,
BTCUSDT,FAIBLE,41056.69,52342.200000000004,58630.200000000004,,,,
BTCUSDT,FAIBLE,36035.42,47127.299999999996,51355.82,,,,
BTCUSDT,FAIBLE,39923.48,50887.600000000006,54248.990000000005,,,,
BTCUSDT,FAIBLE,36599.7,46341.09,50925.21,,,,
BTCUSDT,FAIBLE,37750.0,47491.39,52075.51,,,,
BTCUSDT,FAIBLE,36421.89,45169.63,50747.4,,,,
BTCUSDT,FAIBLE,36690.0,43015.89,51015.51,,,,
BTCUSDT,FAIBLE,37226.0,43551.89,51551.51,,,,
BTCUSDT,FAIBLE,37387.98,43713.87,49613.490000000005,,,,
BTCUSDT,FAIBLE,45930.82,54719.82,60246.42,107295.12,,,
BTCUSDT,FAIBLE,45871.79,55024.8,59977.25,107236.09,,,
BTCUSDT,FAIBLE,45986.76,55178.76,59895.36,107351.06,,,
BTCUSDT,FAIBLE,46448.0,51039.57,55957.0,107812.3,,,
BTCUSDT,FAIBLE,44764.32,49169.12,54273.32,106128.62,,,
BTCUSDT,FAIBLE,45162.37,49177.37,54671.37,106526.67000000001,,,
BTCUSDT,FAIBLE,47792.52,52988.21,58482.21,109156.82,,,
BTCUSDT,FAIBLE,47639.8,52029.79000000001,58329.490000000005,109004.1,,,
BTCUSDT,FAIBLE,47044.67,51544.67,58053.67,108408.97,,,
BTCUSDT,FAIBLE,48985.5,54547.12,58203.49,110349.8,,,
BTCUSDT,FAIBLE,48846.11,54740.73,56283.91,110210.41,,,
BTCUSDT,FAIBLE,49212.4,55107.020000000004,56650.200000000004,110576.70000000001,,,
BTCUSDT,FAIBLE,48550.0,54444.62,55987.8,109914.3,,,
BTCUSDT,FAIBLE,49082.13,53402.13,55743.75,110446.43,,,
BTCUSDT,FAIBLE,50302.74,54862.75,55133.74,111667.04000000001,,,
BTCUSDT,FAIBLE,45375.83,56237.83,56237.83,106740.13,,,
BTCUSDT,FAIBLE,44630.29,47910.29,55492.29,105994.59,,,
BTCUSDT,FAIBLE,54820.01,64350.74,70527.29999999999,116184.31,,,
BTCUSDT,FAIBLE,54960.79,62367.6,70668.07999999999,116325.09,,,
BTCUSDT,FAIBLE,55075.01,62430.03,70782.29999999999,116439.31,,,
BTCUSDT,FAIBLE,55182.24,62024.02999999999,70889.53,116546.54000000001,,,
BTCUSDT,FAIBLE,56538.24,62989.759999999995,72691.03,117902.54000000001,,,
BTCUSDT,FAIBLE,56820.0,63574.92,73276.19,118184.3,,,
BTCUSDT,FAIBLE,57500.0,61811.520000000004,74477.13,118864.3,,,
BTCUSDT,FAIBLE,54638.97,58862.31,71810.23999999999,116003.27,,,
BTCUSDT,FAIBLE,59290.79,65640.79000000001,76680.39,120655.09,,,
BTCUSDT,FAIBLE,60086.78,66816.78,77756.72,121451.08,,,
BTCUSDT,FAIBLE,61507.6,69703.6,80382.04000000001,122871.9,,,
BTCUSDT,FAIBLE,61571.45,71297.82,78683.76999999999,122935.75,,,
BTCUSDT,FAIBLE,62175.0,71901.37,79287.32,123539.3,,,
BTCUSDT,FAIBLE,62634.83,69832.44,79747.15,123999.13,,,
BTCUSDT,FAIBLE,64219.99,71697.44,80046.37,125584.29000000001,,,
BTCUSDT,FAIBLE,64314.75,71914.75,79805.54000000001,125679.05,,,
BTCUSDT,FAIBLE,66918.39,75218.39,84453.8,128282.69,,,
BTCUSDT,FAIBLE,62869.5,71169.5,76645.16,124233.8,,,
BTCUSDT,FAIBLE,61186.92,67117.9,72256.92,124715.11,,,
BTCUSDT,FAIBLE,61687.75,67933.73000000001,72037.75,125215.94,,,
BTCUSDT,FAIBLE,61768.51,67412.51000000001,71368.51000000001,125296.70000000001,,,
BTCUSDT,FAIBLE,64782.64,73881.34,76431.34,128310.83,,,
BTCUSDT,FAIBLE,65259.14,74357.84,76907.84,128787.33,,,
BTCUSDT,FAIBLE,64426.99,71312.69,74225.69,127955.18,,,
BTCUSDT,FAIBLE,65568.38,72454.08,75367.08,129096.57,,,
BTCUSDT,FAIBLE,59214.54,64782.3,72809.23999999999,124791.43,,,
BTCUSDT,FAIBLE,58064.51,62867.33,72013.20999999999,123641.4,,,
BTCUSDT,FAIBLE,57315.72,63520.340000000004,70465.77,122892.61,,,
BTCUSDT,FAIBLE,46398.0,50071.8,54168.0,106552.68,,,
BTCUSDT,FAIBLE,46388.0,49902.9,54158.0,106542.68,,,
BTCUSDT,FAIBLE,46392.3,49874.700000000004,54162.3,106546.98,,,
BTCUSDT,FAIBLE,46580.9,49994.100000000006,54350.9,106735.57999999999,,,
BTCUSDT,FAIBLE,22433.0,23595.0,25376.4,76188.5,7538.0,7697.0,
BTCUSDT,FAIBLE,24741.0,28337.1,28337.1,78496.5,,,
BTCUSDT,FAIBLE,25090.2,28857.0,28857.0,78845.7,,,
BTCUSDT,FAIBLE,28543.9,30223.2,31248.7,82299.4,,,
BTCUSDT,FAIBLE,28005.9,29639.9,30710.7,81761.4,,,
BTCUSDT,FAIBLE,29164.9,30780.7,31984.9,82920.4,,,
BTCUSDT,FAIBLE,29623.1,31778.899999999998,32983.1,83378.6,,,
BTCUSDT,FAIBLE,30105.7,32912.5,34116.7,83861.2,,,
BTCUSDT,FAIBLE,29948.0,32749.2,33791.7,83703.5,,,
BTCUSDT,FAIBLE,29874.9,32676.100000000002,33272.9,83630.4,,,
BTCUSDT,FAIBLE,30149.1,32950.3,33547.1,83904.6,,,
BTCUSDT,FAIBLE,30422.6,33308.7,33905.5,84178.1,,,
BTCUSDT,FAIBLE,30684.5,33871.7,34468.5,84440.0,,,
BTCUSDT,FAIBLE,30739.9,34036.100000000006,34632.9,84495.4,,,
BTCUSDT,FAIBLE,30416.6,33322.0,34309.6,84172.1,,,
BTCUSDT,FAIBLE,30318.9,32319.9,34211.9,84074.4,,,
BTCUSDT,FAIBLE,30249.0,31688.0,34142.0,84004.5,,,
BTCUSDT,FAIBLE,30220.1,31659.1,34113.1,83975.6,,,
BTCUSDT,FAIBLE,28286.7,29747.300000000003,32426.4,82042.2,7956.0,,
BTCUSDT,FAIBLE,29803.1,32932.0,33942.8,83558.6,,,
BTCUSDT,FAIBLE,30748.0,32548.0,36017.1,84503.5,,,
BTCUSDT,FAIBLE,31068.0,32868.0,36337.1,84823.5,,,
BTCUSDT,FAIBLE,31254.0,33149.2,36523.1,85009.5,,,
BTCUSDT,FAIBLE,30488.4,31733.7,33752.0,84243.9,,,
BTCUSDT,FAIBLE,30765.4,31876.600000000002,32833.4,84520.9,,,
BTCUSDT,FAIBLE,30510.1,31621.3,32578.1,84265.6,,,
BTCUSDT,FAIBLE,30723.9,33465.9,35016.9,63480.7,,,
BTCUSDT,FAIBLE,30508.0,33422.0,34973.0,63264.8,,,
BTCUSDT,FAIBLE,34571.6,36375.9,43780.4,67328.4,,,
BTCUSDT,FAIBLE,34627.8,36432.100000000006,43819.3,67384.6,,,
BTCUSDT,FAIBLE,34664.5,36468.8,43766.4,67421.3,,,
BTCUSDT,FAIBLE,34151.9,35690.1,42506.4,66908.7,,,
BTCUSDT,FAIBLE,34504.1,36042.299999999996,42791.0,67260.9,,,
BTCUSDT,FAIBLE,34553.6,36091.799999999996,42480.5,67310.4,,,
BTCUSDT,FAIBLE,35437.5,37304.1,43343.4,68194.3,,,
BTCUSDT,FAIBLE,35577.9,37647.8,43501.8,68334.7,,,
BTCUSDT,FAIBLE,35253.1,37177.0,41555.0,68009.9,,,
BTCUSDT,FAIBLE,34947.3,36311.3,40614.200000000004,67704.1,,,
BTCUSDT,FAIBLE,35473.5,36959.9,40171.2,68230.3,9138.0,9284.0,
BTCUSDT,FAIBLE,35406.5,37205.2,38572.9,68163.3,,,
BTCUSDT,FAIBLE,35626.7,37420.7,38426.7,68383.5,,,
BTCUSDT,FAIBLE,37253.6,41397.5,42403.5,70010.4,,,
BTCUSDT,FAIBLE,37330.3,41309.9,42480.200000000004,70087.1,,,
BTCUSDT,FAIBLE,37460.6,41014.299999999996,41884.5,70217.4,,,
BTCUSDT,FAIBLE,37584.5,40098.4,41728.4,70341.3,,,
BTCUSDT,FAIBLE,37749.8,40339.100000000006,41803.4,70506.6,,,
BTCUSDT,FAIBLE,38217.3,41031.600000000006,42196.0,70974.1,,,
BTCUSDT,FAIBLE,38750.0,41039.0,42128.3,71506.8,,,
BTCUSDT,FAIBLE,44209.6,49018.5,52288.9,76966.4,,,
BTCUSDT,FAIBLE,42726.8,46887.7,50063.200000000004,75483.6,,,
BTCUSDT,FAIBLE,43269.9,47222.4,50606.3,76026.7,,,
BTCUSDT,FAIBLE,42724.8,46595.7,50061.200000000004,75481.6,,,
BTCUSDT,FAIBLE,42800.0,46670.899999999994,50136.4,75556.8,,,
BTCUSDT,FAIBLE,43004.0,46000.2,47555.0,75760.8,,,
BTCUSDT,FAIBLE,42950.0,45946.2,47501.0,75706.8,,,
BTCUSDT,FAIBLE,44078.9,47909.7,48629.9,76835.7,,,
BTCUSDT,FAIBLE,43999.2,47929.399999999994,48550.2,76756.0,,,
BTCUSDT,FAIBLE,42727.7,45294.5,46657.899999999994,72063.8,9459.0,9498.0,
BTCUSDT,FAIBLE,45434.9,49716.700000000004,50446.1,74771.0,,,
BTCUSDT,FAIBLE,45495.6,50045.200000000004,50774.6,74831.7,,,
BTCUSDT,FAIBLE,47007.1,52019.1,53986.1,77513.9,,,
BTCUSDT,FAIBLE,42654.0,47564.0,51348.5,76238.3,,,
BTCUSDT,FAIBLE,42918.3,44793.8,51612.8,76502.6,,,
BTCUSDT,FAIBLE,41638.4,44927.4,50365.9,75222.70000000001,,,
BTCUSDT,FAIBLE,52424.0,55540.6,63106.3,89839.8,,,
BTCUSDT,FAIBLE,52157.5,54369.0,62839.8,89573.3,,,
BTCUSDT,FAIBLE,52297.3,54740.700000000004,62828.4,89713.1,,,
BTCUSDT,FAIBLE,61641.0,69865.4,75428.3,99288.7,,,
BTCUSDT,FAIBLE,67220.0,77458.0,86057.3,116076.8,,,
BTCUSDT,FAIBLE,68336.3,79555.1,88154.40000000001,117193.1,,,
BTCUSDT,FAIBLE,69208.0,80426.8,88682.70000000001,118064.8,,,
BTCUSDT,FAIBLE,69429.9,80648.7,88838.2,118286.7,,,
BTCUSDT,FAIBLE,71223.9,78146.09999999999,91839.09999999999,126111.5,,,
BTCUSDT,FAIBLE,71558.6,79289.40000000001,92982.40000000001,126446.20000000001,,,
BTCUSDT,FAIBLE,72061.3,79224.5,93911.3,126948.90000000001,,,
BTCUSDT,FAIBLE,72964.1,80214.1,90258.5,127851.70000000001,,,
BTCUSDT,FAIBLE,73149.8,80784.8,90673.8,128037.40000000001,,,
BTCUSDT,FAIBLE,73399.9,80154.9,90529.59999999999,128287.5,,,
BTCUSDT,FAIBLE,70904.5,77785.9,85785.9,125792.1,,,
BTCUSDT,FAIBLE,67260.9,74754.79999999999,80342.29999999999,125699.09999999999,,,
BTCUSDT,FAIBLE,71019.6,79789.20000000001,84101.0,129457.8,,,
BTCUSDT,FAIBLE,69920.6,78854.90000000001,83002.0,128358.8,,,
BTCUSDT,FAIBLE,70535.0,79890.0,83616.4,128973.2,,,
BTCUSDT,FAIBLE,70044.2,79399.2,83125.59999999999,128482.4,,,
BTCUSDT,FAIBLE,70290.2,79645.2,83371.59999999999,128728.4,,,
BTCUSDT,FAIBLE,68707.7,78301.7,81789.09999999999,127145.9,,,
BTCUSDT,FAIBLE,69532.6,78400.40000000001,82614.0,127970.8,,,
BTCUSDT,FAIBLE,70367.5,73890.7,81455.5,128805.7,,,
BTCUSDT,FAIBLE,70446.2,73969.4,81534.2,128884.4,,,
BTCUSDT,FAIBLE,71135.1,74658.3,82223.1,129573.3,,,
BTCUSDT,FAIBLE,68483.9,75479.4,78077.9,126922.09999999999,,,
BTCUSDT,FAIBLE,68200.0,75195.5,77794.0,126638.2,,,
BTCUSDT,FAIBLE,67985.1,73630.1,77579.1,126423.3,,,
BTCUSDT,FAIBLE,68094.0,73543.0,77688.0,126532.2,,,
BTCUSDT,FAIBLE,71678.3,79468.7,80068.7,130116.5,,,
BTCUSDT,FAIBLE,71034.3,76378.5,79424.7,129472.5,,,
BTCUSDT,FAIBLE,70825.9,76170.09999999999,79216.29999999999,129264.09999999999,,,
BTCUSDT,FAIBLE,63416.5,67178.5,72479.1,121854.7,,,
BTCUSDT,FAIBLE,61833.9,68034.70000000001,69145.9,118617.1,,,
BTCUSDT,FAIBLE,65385.3,73018.3,73018.3,119745.1,,,
BTCUSDT,FAIBLE,65994.7,75048.4,75048.4,120354.5,,,
BTCUSDT,FAIBLE,67872.3,75180.5,77372.3,122232.1,,,
BTCUSDT,FAIBLE,67401.5,73781.5,76901.5,121761.29999999999,,,
BTCUSDT,FAIBLE,67955.1,74335.1,77455.1,122314.9,,,
BTCUSDT,FAIBLE,68710.0,75439.6,78680.7,123069.79999999999,,,
BTCUSDT,FAIBLE,68582.3,75162.3,78682.3,122942.1,,,
BTCUSDT,FAIBLE,68206.9,72435.2,78306.9,122566.69999999998,,,
BTCUSDT,FAIBLE,68279.7,72623.4,78945.7,122639.5,,,
BTCUSDT,FAIBLE,67261.9,70882.09999999999,74807.9,121621.69999999998,,,
BTCUSDT,FAIBLE,67759.9,71380.09999999999,75305.9,122119.69999999998,,,
BTCUSDT,FAIBLE,67816.8,71437.0,75362.8,122176.6,,,
BTCUSDT,FAIBLE,70927.4,76977.2,78781.59999999999,125287.19999999998,,,
BTCUSDT,FAIBLE,72374.9,79307.7,80093.2,126734.69999999998,,,
BTCUSDT,FAIBLE,72534.6,80637.40000000001,81422.90000000001,126894.4,,,
BTCUSDT,FAIBLE,72349.0,79594.9,80786.7,126708.79999999999,,,
BTCUSDT,FAIBLE,72417.8,79369.8,80855.5,126777.6,,,
BTCUSDT,FAIBLE,70638.6,77538.1,79076.3,124998.4,,,
BTCUSDT,FAIBLE,70024.7,76589.7,78462.4,124384.5,,,
BTCUSDT,FAIBLE,67845.6,73625.5,76283.3,122205.4,,,
BTCUSDT,FAIBLE,78858.2,90152.8,92033.0,133218.0,,,
BTCUSDT,FAIBLE,79926.7,91462.59999999999,93396.7,134286.5,,,
BTCUSDT,FAIBLE,79735.1,91285.1,93174.6,134094.9,,,
BTCUSDT,FAIBLE,91286.9,104241.0,117898.0,153465.1,,,
BTCUSDT,FAIBLE,91173.3,103542.8,117784.40000000001,153351.5,,,
BTCUSDT,FAIBLE,91795.9,98503.0,118407.0,165695.4,,,
BTCUSDT,FAIBLE,92407.8,99114.90000000001,119018.90000000001,166307.3,,,
BTCUSDT,FAIBLE,91696.1,97682.1,118307.20000000001,165595.6,11405.0,,
BTCUSDT,FAIBLE,92455.5,98626.5,119066.6,166355.0,11409.0,,
BTCUSDT,FAIBLE,93271.6,100543.5,120447.5,167171.1,,,
BTCUSDT,FAIBLE,98470.8,108708.7,122510.7,172370.3,,,
BTCUSDT,FAIBLE,98076.3,106208.90000000001,111022.3,178214.7,,,
BTCUSDT,FAIBLE,102292.1,113317.5,116056.1,180148.1,,,
BTCUSDT,FAIBLE,104460.5,114185.1,119635.1,184509.9,,,
BTCUSDT,FAIBLE,120733.2,134259.7,137523.2,210518.8,,,
BTCUSDT,FAIBLE,122731.0,137602.0,141021.0,212516.6,,,
BTCUSDT,FAIBLE,116777.1,129644.90000000001,135067.1,206562.7,,,
BTCUSDT,FAIBLE,119176.5,126798.4,135276.5,208962.1,,,
BTCUSDT,FAIBLE,119356.5,126978.4,135456.5,209142.1,,,
BTCUSDT,FAIBLE,118669.4,123570.9,134569.4,208455.0,,,
BTCUSDT,FAIBLE,118131.2,122893.7,134031.2,207916.8,,,
BTCUSDT,FAIBLE,118374.8,122956.2,134274.8,207658.0,,,
BTCUSDT,FAIBLE,119352.3,123933.7,135252.3,208635.5,,,
BTCUSDT,FAIBLE,118902.0,123337.1,131769.8,208185.2,,,
BTCUSDT,FAIBLE,118209.1,123841.90000000001,126841.8,207492.3,,,
BTCUSDT,FAIBLE,118873.1,124017.8,127505.8,207726.8,,,
BTCUSDT,FAIBLE,115366.2,119202.2,123816.3,204219.9,,,
BTCUSDT,FAIBLE,116469.1,121401.70000000001,124431.1,205322.8,,,
BTCUSDT,FAIBLE,120897.3,127397.40000000001,131497.3,208586.6,,,
BTCUSDT,FAIBLE,118918.1,126459.70000000001,131613.7,206607.40000000002,,,
BTCUSDT,FAIBLE,116897.5,122771.0,129817.20000000001,204743.1,,,
BTCUSDT,MODERE,9493.63,9928.63,9992.609999999999,,,,
BTCUSDT,MODERE,9507.99,9942.99,10006.97,,,,
BTCUSDT,MODERE,9527.39,10019.31,10083.289999999999,,,,
BTCUSDT,MODERE,9554.76,10112.4,10189.06,,,,
BTCUSDT,MODERE,9583.49,10130.8,10217.789999999999,,,,
BTCUSDT,MODERE,9584.63,10131.939999999999,10218.929999999998,,,,
BTCUSDT,MODERE,9577.05,10112.369999999999,10211.349999999999,,,,
BTCUSDT,MODERE,9674.11,10239.11,10340.09,,1935.0,1938.0,
BTCUSDT,MODERE,9701.54,10284.02,10392.62,,,,
BTCUSDT,MODERE,9719.98,10187.98,10415.96,,1935.0,1938.0,
BTCUSDT,MODERE,11355.05,12993.05,13756.05,,,,
BTCUSDT,MODERE,11666.32,13302.38,14334.47,,,,
BTCUSDT,MODERE,11790.92,13097.11,14569.11,,,,
BTCUSDT,MODERE,12026.41,13484.4,14956.4,,,,
BTCUSDT,MODERE,11227.07,12891.32,14250.31,,,,
BTCUSDT,MODERE,11127.9,12792.15,14139.15,,,,
BTCUSDT,MODERE,11248.83,12913.08,14229.08,,,,
BTCUSDT,MODERE,11286.62,12950.87,14168.87,,,,
BTCUSDT,MODERE,11444.46,13108.71,14326.71,,,,
BTCUSDT,MODERE,12041.88,12909.25,14531.13,,,,
BTCUSDT,MODERE,11790.0,12763.0,13454.25,,,,
BTCUSDT,MODERE,11733.78,12706.78,13398.03,,,,
BTCUSDT,MODERE,11808.99,12781.99,13473.24,,,,
BTCUSDT,MODERE,12443.99,13661.99,14010.99,,,,
BTCUSDT,MODERE,12350.16,13577.58,13926.58,,,,
BTCUSDT,MODERE,11762.14,12299.58,13134.56,,,,
BTCUSDT,MODERE,11753.29,12256.230000000001,13125.710000000001,,,,
BTCUSDT,MODERE,11616.24,12190.92,12985.66,,,,
BTCUSDT,MODERE,11934.24,12759.62,13303.66,,,,
BTCUSDT,MODERE,10274.95,12457.37,12457.37,,,,
BTCUSDT,MODERE,13448.85,14244.36,15784.36,,,,
BTCUSDT,MODERE,13605.16,14540.73,16080.73,,,,
BTCUSDT,MODERE,13650.01,14679.01,16219.01,,,,
BTCUSDT,MODERE,13043.02,14191.02,15731.02,,,,
BTCUSDT,MODERE,13549.12,14683.12,16237.12,,,,
BTCUSDT,MODERE,13565.01,14699.01,16213.01,,,,
BTCUSDT,MODERE,13680.13,14944.13,16570.129999999997,,,,
BTCUSDT,MODERE,13790.02,15054.02,16629.6,,,,
BTCUSDT,MODERE,13732.13,14996.13,16474.129999999997,,,,
BTCUSDT,MODERE,13712.05,14752.05,16194.039999999999,,,,
BTCUSDT,MODERE,14016.55,15056.55,16483.55,,,,
BTCUSDT,MODERE,14097.25,15182.25,16526.25,,,,
BTCUSDT,MODERE,15807.89,18100.41,19063.09,,,,
BTCUSDT,MODERE,15298.13,16932.33,18406.33,,,,
BTCUSDT,MODERE,15404.54,16923.54,18512.74,,,,
BTCUSDT,MODERE,15576.66,17095.66,18684.86,,,,
BTCUSDT,MODERE,15671.21,17190.21,18779.41,,,,
BTCUSDT,MODERE,16282.0,17939.99,19661.99,,,,
BTCUSDT,MODERE,16085.39,17743.38,19425.27,,,,
BTCUSDT,MODERE,16231.27,17273.56,19516.260000000002,,2616.0,2695.0,
BTCUSDT,MODERE,16445.0,17487.29,19729.99,,2617.0,2788.0,
BTCUSDT,MODERE,16776.69,18185.989999999998,20428.69,,2621.0,2789.0,
BTCUSDT,MODERE,20737.75,23714.74,24073.75,,,,
BTCUSDT,MODERE,21346.81,24934.600000000002,25391.81,,,,
BTCUSDT,MODERE,21768.72,25740.72,26435.72,,,,
BTCUSDT,MODERE,23084.0,28002.22,29417.04,,,,
BTCUSDT,MODERE,23569.03,28417.43,29902.07,,,,
BTCUSDT,MODERE,23826.74,26282.74,30647.74,,,,
BTCUSDT,MODERE,23709.99,26165.99,30530.99,,,,
BTCUSDT,MODERE,23471.54,25927.54,30292.54,,,,
BTCUSDT,MODERE,23738.75,26194.75,30559.75,,2852.0,2891.0,
BTCUSDT,MODERE,23490.14,25946.14,30311.14,,2852.0,2891.0,
BTCUSDT,MODERE,24605.22,27403.22,31768.22,,2854.0,2892.0,
BTCUSDT,MODERE,34861.71,43010.37,48237.850000000006,,,,
BTCUSDT,MODERE,36909.86,46905.28,52132.759999999995,,,,
BTCUSDT,MODERE,37919.72,48174.72,53402.2,,,,
BTCUSDT,MODERE,39050.0,50300.0,55527.479999999996,,,,
BTCUSDT,MODERE,41056.69,52342.200000000004,58630.200000000004,,,,
BTCUSDT,MODERE,36035.42,47127.299999999996,51355.82,,,,
BTCUSDT,MODERE,39923.48,50887.600000000006,54248.990000000005,,,,
BTCUSDT,MODERE,36599.7,46341.09,50925.21,,,,
BTCUSDT,MODERE,37750.0,47491.39,52075.51,,,,
BTCUSDT,MODERE,36421.89,45169.63,50747.4,,,,
BTCUSDT,MODERE,36690.0,43015.89,51015.51,,,,
BTCUSDT,MODERE,37226.0,43551.89,51551.51,,,,
BTCUSDT,MODERE,37387.98,43713.87,49613.490000000005,,,,
BTCUSDT,MODERE,45930.82,54719.82,60246.42,107295.12,,,
BTCUSDT,MODERE,45871.79,55024.8,59977.25,107236.09,,,
BTCUSDT,MODERE,45986.76,55178.76,59895.36,107351.06,,,
BTCUSDT,MODERE,46448.0,51039.57,55957.0,107812.3,,,
BTCUSDT,MODERE,44764.32,49169.12,54273.32,106128.62,,,
BTCUSDT,MODERE,45162.37,49177.37,54671.37,106526.67000000001,,,
BTCUSDT,MODERE,47792.52,52988.21,58482.21,109156.82,,,
BTCUSDT,MODERE,47639.8,52029.79000000001,58329.490000000005,109004.1,,,
BTCUSDT,MODERE,47044.67,51544.67,58053.67,108408.97,,,
BTCUSDT,MODERE,48985.5,54547.12,58203.49,110349.8,,,
BTCUSDT,MODERE,48846.11,54740.73,56283.91,110210.41,,,
BTCUSDT,MODERE,49212.4,55107.020000000004,56650.200000000004,110576.70000000001,,,
BTCUSDT,MODERE,48550.0,54444.62,55987.8,109914.3,,,
BTCUSDT,MODERE,49082.13,53402.13,55743.75,110446.43,,,
BTCUSDT,MODERE,50302.74,54862.75,55133.74,111667.04000000001,,,
BTCUSDT,MODERE,45375.83,56237.83,56237.83,106740.13,,,
BTCUSDT,MODERE,44630.29,47910.29,55492.29,105994.59,,,
BTCUSDT,MODERE,54820.01,64350.74,70527.29999999999,116184.31,,,
BTCUSDT,MODERE,54960.79,62367.6,70668.07999999999,116325.09,,,
BTCUSDT,MODERE,55075.01,62430.03,70782.29999999999,116439.31,,,
BTCUSDT,MODERE,55182.24,62024.02999999999,70889.53,116546.54000000001,,,
BTCUSDT,MODERE,56538.24,62989.759999999995,72691.03,117902.54000000001,,,
BTCUSDT,MODERE,56820.0,63574.92,73276.19,118184.3,,,
BTCUSDT,MODERE,57500.0,61811.520000000004,74477.13,118864.3,,,
BTCUSDT,MODERE,54638.97,58862.31,71810.23999999999,116003.27,,,
BTCUSDT,MODERE,59290.79,65640.79000000001,76680.39,120655.09,,,
BTCUSDT,MODERE,60086.78,66816.78,77756.72,121451.08,,,
BTCUSDT,MODERE,61507.6,69703.6,80382.04000000001,122871.9,,,
BTCUSDT,MODERE,61571.45,71297.82,78683.76999999999,122935.75,,,
BTCUSDT,MODERE,62175.0,71901.37,79287.32,123539.3,,,
BTCUSDT,MODERE,62634.83,69832.44,79747.15,123999.13,,,
BTCUSDT,MODERE,64219.99,71697.44,80046.37,125584.29000000001,,,
BTCUSDT,MODERE,64314.75,71914.75,79805.54000000001,125679.05,,,
BTCUSDT,MODERE,66918.39,75218.39,84453.8,128282.69,,,
BTCUSDT,MODERE,62869.5,71169.5,76645.16,124233.8,,,
BTCUSDT,MODERE,61186.92,67117.9,72256.92,124715.11,,,
BTCUSDT,MODERE,61687.75,67933.73000000001,72037.75,125215.94,,,
BTCUSDT,MODERE,61768.51,67412.51000000001,71368.51000000001,125296.70000000001,,,
BTCUSDT,MODERE,64782.64,73881.34,76431.34,128310.83,,,
BTCUSDT,MODERE,65259.14,74357.84,76907.84,128787.33,,,
BTCUSDT,MODERE,64426.99,71312.69,74225.69,127955.18,,,
BTCUSDT,MODERE,65568.38,72454.08,75367.08,129096.57,,,
BTCUSDT,MODERE,59214.54,64782.3,72809.23999999999,124791.43,,,
BTCUSDT,MODERE,58064.51,62867.33,72013.20999999999,123641.4,,,
BTCUSDT,MODERE,57315.72,63520.340000000004,70465.77,122892.61,,,
BTCUSDT,MODERE,46398.0,50071.8,54168.0,106552.68,,,
BTCUSDT,MODERE,46388.0,49902.9,54158.0,106542.68,,,
BTCUSDT,MODERE,46392.3,49874.700000000004,54162.3,106546.98,,,
BTCUSDT,MODERE,46580.9,49994.100000000006,54350.9,106735.57999999999,,,
BTCUSDT,MODERE,22433.0,23595.0,25376.4,76188.5,7538.0,7697.0,
BTCUSDT,MODERE,24741.0,28337.1,28337.1,78496.5,,,
BTCUSDT,MODERE,25090.2,28857.0,28857.0,78845.7,,,
BTCUSDT,MODERE,28543.9,30223.2,31248.7,82299.4,,,
BTCUSDT,MODERE,28005.9,29639.9,30710.7,81761.4,,,
BTCUSDT,MODERE,29164.9,30780.7,31984.9,82920.4,,,
BTCUSDT,MODERE,29623.1,31778.899999999998,32983.1,83378.6,,,
BTCUSDT,MODERE,30105.7,32912.5,34116.7,83861.2,,,
BTCUSDT,MODERE,29948.0,32749.2,33791.7,83703.5,,,
BTCUSDT,MODERE,29874.9,32676.100000000002,33272.9,83630.4,,,
BTCUSDT,MODERE,30149.1,32950.3,33547.1,83904.6,,,
BTCUSDT,MODERE,30422.6,33308.7,33905.5,84178.1,,,
BTCUSDT,MODERE,30684.5,33871.7,34468.5,84440.0,,,
BTCUSDT,MODERE,30739.9,34036.100000000006,34632.9,84495.4,,,
BTCUSDT,MODERE,30416.6,33322.0,34309.6,84172.1,,,
BTCUSDT,MODERE,30318.9,32319.9,34211.9,84074.4,,,
BTCUSDT,MODERE,30249.0,31688.0,34142.0,84004.5,,,
BTCUSDT,MODERE,30220.1,31659.1,34113.1,83975.6,,,
BTCUSDT,MODERE,28286.7,29747.300000000003,32426.4,82042.2,7956.0,,
BTCUSDT,MODERE,29803.1,32932.0,33942.8,83558.6,,,
BTCUSDT,MODERE,30748.0,32548.0,36017.1,84503.5,,,
BTCUSDT,MODERE,31068.0,32868.0,36337.1,84823.5,,,
BTCUSDT,MODERE,31254.0,33149.2,36523.1,85009.5,,,
BTCUSDT,MODERE,30488.4,31733.7,33752.0,84243.9,,,
BTCUSDT,MODERE,30765.4,31876.600000000002,32833.4,84520.9,,,
BTCUSDT,MODERE,30510.1,31621.3,32578.1,84265.6,,,
BTCUSDT,MODERE,30723.9,33465.9,35016.9,63480.7,,,
BTCUSDT,MODERE,30508.0,33422.0,34973.0,63264.8,,,
BTCUSDT,MODERE,34571.6,36375.9,43780.4,67328.4,,,
BTCUSDT,MODERE,34627.8,36432.100000000006,43819.3,67384.6,,,
BTCUSDT,MODERE,34664.5,36468.8,43766.4,67421.3,,,
BTCUSDT,MODERE,34151.9,35690.1,42506.4,66908.7,,,
BTCUSDT,MODERE,34504.1,36042.299999999996,42791.0,67260.9,,,
BTCUSDT,MODERE,34553.6,36091.799999999996,42480.5,67310.4,,,
BTCUSDT,MODERE,35437.5,37304.1,43343.4,68194.3,,,
BTCUSDT,MODERE,35577.9,37647.8,43501.8,68334.7,,,
BTCUSDT,MODERE,35253.1,37177.0,41555.0,68009.9,,,
BTCUSDT,MODERE,34947.3,36311.3,40614.200000000004,67704.1,,,
BTCUSDT,MODERE,35473.5,36959.9,40171.2,68230.3,9138.0,9284.0,
BTCUSDT,MODERE,35406.5,37205.2,38572.9,68163.3,,,
BTCUSDT,MODERE,35626.7,37420.7,38426.7,68383.5,,,
BTCUSDT,MODERE,37253.6,41397.5,42403.5,70010.4,,,
BTCUSDT,MODERE,37330.3,41309.9,42480.200000000004,70087.1,,,
BTCUSDT,MODERE,37460.6,41014.299999999996,41884.5,70217.4,,,
BTCUSDT,MODERE,37584.5,40098.4,41728.4,70341.3,,,
BTCUSDT,MODERE,37749.8,40339.100000000006,41803.4,70506.6,,,
BTCUSDT,MODERE,38217.3,41031.600000000006,42196.0,70974.1,,,
BTCUSDT,MODERE,38750.0,41039.0,42128.3,71506.8,,,
BTCUSDT,MODERE,44209.6,49018.5,52288.9,76966.4,,,
BTCUSDT,MODERE,42726.8,46887.7,50063.200000000004,75483.6,,,
BTCUSDT,MODERE,43269.9,47222.4,50606.3,76026.7,,,
BTCUSDT,MODERE,42724.8,46595.7,50061.200000000004,75481.6,,,
BTCUSDT,MODERE,42800.0,46670.899999999994,50136.4,75556.8,,,
BTCUSDT,MODERE,43004.0,46000.2,47555.0,75760.8,,,
BTCUSDT,MODERE,42950.0,45946.2,47501.0,75706.8,,,
BTCUSDT,MODERE,44078.9,47909.7,48629.9,76835.7,,,
BTCUSDT,MODERE,43999.2,47929.399999999994,48550.2,76756.0,,,
BTCUSDT,MODERE,42727.7,45294.5,46657.899999999994,72063.8,9459.0,9498.0,
BTCUSDT,MODERE,45434.9,49716.700000000004,50446.1,74771.0,,,
BTCUSDT,MODERE,45495.6,50045.200000000004,50774.6,74831.7,,,
BTCUSDT,MODERE,47007.1,52019.1,53986.1,77513.9,,,
BTCUSDT,MODERE,42654.0,47564.0,51348.5,76238.3,,,
BTCUSDT,MODERE,42918.3,44793.8,51612.8,76502.6,,,
BTCUSDT,MODERE,41638.4,44927.4,50365.9,75222.70000000001,,,
BTCUSDT,MODERE,52424.0,55540.6,63106.3,89839.8,,,
BTCUSDT,MODERE,52157.5,54369.0,62839.8,89573.3,,,
BTCUSDT,MODERE,52297.3,54740.700000000004,62828.4,89713.1,,,
BTCUSDT,MODERE,61641.0,69865.4,75428.3,99288.7,,,
BTCUSDT,MODERE,67220.0,77458.0,86057.3,116076.8,,,
BTCUSDT,MODERE,68336.3,79555.1,88154.40000000001,117193.1,,,
BTCUSDT,MODERE,69208.0,80426.8,88682.70000000001,118064.8,,,
BTCUSDT,MODERE,69429.9,80648.7,88838.2,118286.7,,,
BTCUSDT,MODERE,71223.9,78146.09999999999,91839.09999999999,126111.5,,,
BTCUSDT,MODERE,71558.6,79289.40000000001,92982.40000000001,126446.20000000001,,,
BTCUSDT,MODERE,72061.3,79224.5,93911.3,126948.90000000001,,,
BTCUSDT,MODERE,72964.1,80214.1,90258.5,127851.70000000001,,,
BTCUSDT,MODERE,73149.8,80784.8,90673.8,128037.40000000001,,,
BTCUSDT,MODERE,73399.9,80154.9,90529.59999999999,128287.5,,,
BTCUSDT,MODERE,70904.5,77785.9,85785.9,125792.1,,,
BTCUSDT,MODERE,67260.9,74754.79999999999,80342.29999999999,125699.09999999999,,,
BTCUSDT,MODERE,71019.6,79789.20000000001,84101.0,129457.8,,,
BTCUSDT,MODERE,69920.6,78854.90000000001,83002.0,128358.8,,,
BTCUSDT,MODERE,70535.0,79890.0,83616.4,128973.2,,,
BTCUSDT,MODERE,70044.2,79399.2,83125.59999999999,128482.4,,,
BTCUSDT,MODERE,70290.2,79645.2,83371.59999999999,128728.4,,,
BTCUSDT,MODERE,68707.7,78301.7,81789.09999999999,127145.9,,,
BTCUSDT,MODERE,69532.6,78400.40000000001,82614.0,127970.8,,,
BTCUSDT,MODERE,70367.5,73890.7,81455.5,128805.7,,,
BTCUSDT,MODERE,70446.2,73969.4,81534.2,128884.4,,,
BTCUSDT,MODERE,71135.1,74658.3,82223.1,129573.3,,,
BTCUSDT,MODERE,68483.9,75479.4,78077.9,126922.09999999999,,,
BTCUSDT,MODERE,68200.0,75195.5,77794.0,126638.2,,,
BTCUSDT,MODERE,67985.1,73630.1,77579.1,126423.3,,,
BTCUSDT,MODERE,68094.0,73543.0,77688.0,126532.2,,,
BTCUSDT,MODERE,71678.3,79468.7,80068.7,130116.5,,,
BTCUSDT,MODERE,71034.3,76378.5,79424.7,129472.5,,,
BTCUSDT,MODERE,70825.9,76170.09999999999,79216.29999999999,129264.09999999999,,,
BTCUSDT,MODERE,63416.5,67178.5,72479.1,121854.7,,,
BTCUSDT,MODERE,61833.9,68034.70000000001,69145.9,118617.1,,,
BTCUSDT,MODERE,65385.3,73018.3,73018.3,119745.1,,,
BTCUSDT,MODERE,65994.7,75048.4,75048.4,120354.5,,,
BTCUSDT,MODERE,67872.3,75180.5,77372.3,122232.1,,,
BTCUSDT,MODERE,67401.5,73781.5,76901.5,121761.29999999999,,,
BTCUSDT,MODERE,67955.1,74335.1,77455.1,122314.9,,,
BTCUSDT,MODERE,68710.0,75439.6,78680.7,123069.79999999999,,,
BTCUSDT,MODERE,68582.3,75162.3,78682.3,122942.1,,,
BTCUSDT,MODERE,68206.9,72435.2,78306.9,122566.69999999998,,,
BTCUSDT,MODERE,68279.7,72623.4,78945.7,122639.5,,,
BTCUSDT,MODERE,67261.9,70882.09999999999,74807.9,121621.69999999998,,,
BTCUSDT,MODERE,67759.9,71380.09999999999,75305.9,122119.69999999998,,,
BTCUSDT,MODERE,67816.8,71437.0,75362.8,122176.6,,,
BTCUSDT,MODERE,70927.4,76977.2,78781.59999999999,125287.19999999998,,,
BTCUSDT,MODERE,72374.9,79307.7,80093.2,126734.69999999998,,,
BTCUSDT,MODERE,72534.6,80637.40000000001,81422.90000000001,126894.4,,,
BTCUSDT,MODERE,72349.0,79594.9,80786.7,126708.79999999999,,,
BTCUSDT,MODERE,72417.8,79369.8,80855.5,126777.6,,,
BTCUSDT,MODERE,70638.6,77538.1,79076.3,124998.4,,,
BTCUSDT,MODERE,70024.7,76589.7,78462.4,124384.5,,,
BTCUSDT,MODERE,67845.6,73625.5,76283.3,122205.4,,,
BTCUSDT,MODERE,78858.2,90152.8,92033.0,133218.0,,,
BTCUSDT,MODERE,79926.7,91462.59999999999,93396.7,134286.5,,,
BTCUSDT,MODERE,79735.1,91285.1,93174.6,134094.9,,,
BTCUSDT,MODERE,91286.9,104241.0,117898.0,153465.1,,,
BTCUSDT,MODERE,91173.3,103542.8,117784.40000000001,153351.5,,,
BTCUSDT,MODERE,91795.9,98503.0,118407.0,165695.4,,,
BTCUSDT,MODERE,92407.8,99114.90000000001,119018.90000000001,166307.3,,,
BTCUSDT,MODERE,91696.1,97682.1,118307.20000000001,165595.6,11405.0,,
BTCUSDT,MODERE,92455.5,98626.5,119066.6,166355.0,11409.0,,
BTCUSDT,MODERE,93271.6,100543.5,120447.5,167171.1,,,
BTCUSDT,MODERE,98470.8,108708.7,122510.7,172370.3,,,
BTCUSDT,MODERE,98076.3,106208.90000000001,111022.3,178214.7,,,
BTCUSDT,MODERE,102292.1,113317.5,116056.1,180148.1,,,
BTCUSDT,MODERE,104460.5,114185.1,119635.1,184509.9,,,
BTCUSDT,MODERE,120733.2,134259.7,137523.2,210518.8,,,
BTCUSDT,MODERE,122731.0,137602.0,141021.0,212516.6,,,
BTCUSDT,MODERE,116777.1,129644.90000000001,135067.1,206562.7,,,
BTCUSDT,MODERE,119176.5,126798.4,135276.5,208962.1,,,
BTCUSDT,MODERE,119356.5,126978.4,135456.5,209142.1,,,
BTCUSDT,MODERE,118669.4,123570.9,134569.4,208455.0,,,
BTCUSDT,MODERE,118131.2,122893.7,134031.2,207916.8,,,
BTCUSDT,MODERE,118374.8,122956.2,134274.8,207658.0,,,
BTCUSDT,MODERE,119352.3,123933.7,135252.3,208635.5,,,
BTCUSDT,MODERE,118902.0,123337.1,131769.8,208185.2,,,
BTCUSDT,MODERE,118209.1,123841.90000000001,126841.8,207492.3,,,
BTCUSDT,MODERE,118873.1,124017.8,127505.8,207726.8,,,
BTCUSDT,MODERE,115366.2,119202.2,123816.3,204219.9,,,
BTCUSDT,MODERE,116469.1,121401.70000000001,124431.1,205322.8,,,
BTCUSDT,MODERE,120897.3,127397.40000000001,131497.3,208586.6,,,
BTCUSDT,MODERE,118918.1,126459.70000000001,131613.7,206607.40000000002,,,
BTCUSDT,MODERE,116897.5,122771.0,129817.20000000001,204743.1,,,
BTCUSDT,AGRESSIF,9493.63,9928.63,9992.609999999999,,,,
BTCUSDT,AGRESSIF,9507.99,9942.99,10006.97,,,,
BTCUSDT,AGRESSIF,9527.39,10019.31,10083.289999999999,,,,
BTCUSDT,AGRESSIF,9554.76,10112.4,10189.06,,,,
BTCUSDT,AGRESSIF,9583.49,10130.8,10217.789999999999,,,,
BTCUSDT,AGRESSIF,9584.63,10131.939999999999,10218.929999999998,,,,
BTCUSDT,AGRESSIF,9577.05,10112.369999999999,10211.349999999999,,,,
BTCUSDT,AGRESSIF,9674.11,10239.11,10340.09,,1935.0,1938.0,
BTCUSDT,AGRESSIF,9701.54,10284.02,10392.62,,,,
BTCUSDT,AGRESSIF,9719.98,10187.98,10415.96,,1935.0,1938.0,
BTCUSDT,AGRESSIF,11355.05,12993.05,13756.05,,,,
BTCUSDT,AGRESSIF,11666.32,13302.38,14334.47,,,,
BTCUSDT,AGRESSIF,11790.92,13097.11,14569.11,,,,
BTCUSDT,AGRESSIF,12026.41,13484.4,14956.4,,,,
BTCUSDT,AGRESSIF,11227.07,12891.32,14250.31,,,,
BTCUSDT,AGRESSIF,11127.9,12792.15,14139.15,,,,
BTCUSDT,AGRESSIF,11248.83,12913.08,14229.08,,,,
BTCUSDT,AGRESSIF,11286.62,12950.87,14168.87,,,,
BTCUSDT,AGRESSIF,11444.46,13108.71,14326.71,,,,
BTCUSDT,AGRESSIF,12041.88,12909.25,14531.13,,,,
BTCUSDT,AGRESSIF,11790.0,12763.0,13454.25,,,,
BTCUSDT,AGRESSIF,11733.78,12706.78,13398.03,,,,
BTCUSDT,AGRESSIF,11808.99,12781.99,13473.24,,,,
BTCUSDT,AGRESSIF,12443.99,13661.99,14010.99,,,,
BTCUSDT,AGRESSIF,12350.16,13577.58,13926.58,,,,
BTCUSDT,AGRESSIF,11762.14,12299.58,13134.56,,,,
BTCUSDT,AGRESSIF,11753.29,12256.230000000001,13125.710000000001,,,,
BTCUSDT,AGRESSIF,11616.24,12190.92,12985.66,,,,
BTCUSDT,AGRESSIF,11934.24,12759.62,13303.66,,,,
BTCUSDT,AGRESSIF,10274.95,12457.37,12457.37,,,,
BTCUSDT,AGRESSIF,13448.85,14244.36,15784.36,,,,
BTCUSDT,AGRESSIF,13605.16,14540.73,16080.73,,,,
BTCUSDT,AGRESSIF,13650.01,14679.01,16219.01,,,,
BTCUSDT,AGRESSIF,13043.02,14191.02,15731.02,,,,
BTCUSDT,AGRESSIF,13549.12,14683.12,16237.12,,,,
BTCUSDT,AGRESSIF,13565.01,14699.01,16213.01,,,,
BTCUSDT,AGRESSIF,13680.13,14944.13,16570.129999999997,,,,
BTCUSDT,AGRESSIF,13790.02,15054.02,16629.6,,,,
BTCUSDT,AGRESSIF,13732.13,14996.13,16474.129999999997,,,,
BTCUSDT,AGRESSIF,13712.05,14752.05,16194.039999999999,,,,
BTCUSDT,AGRESSIF,14016.55,15056.55,16483.55,,,,
BTCUSDT,AGRESSIF,14097.25,15182.25,16526.25,,,,
BTCUSDT,AGRESSIF,15807.89,18100.41,19063.09,,,,
BTCUSDT,AGRESSIF,15298.13,16932.33,18406.33,,,,
BTCUSDT,AGRESSIF,15404.54,16923.54,18512.74,,,,
BTCUSDT,AGRESSIF,15576.66,17095.66,18684.86,,,,
BTCUSDT,AGRESSIF,15671.21,17190.21,18779.41,,,,
BTCUSDT,AGRESSIF,16282.0,17939.99,19661.99,,,,
BTCUSDT,AGRESSIF,16085.39,17743.38,19425.27,,,,
BTCUSDT,AGRESSIF,16231.27,17273.56,19516.260000000002,,2616.0,2695.0,
BTCUSDT,AGRESSIF,16445.0,17487.29,19729.99,,2617.0,2788.0,
BTCUSDT,AGRESSIF,16776.69,18185.989999999998,20428.69,,2621.0,2789.0,
BTCUSDT,AGRESSIF,20737.75,23714.74,24073.75,,,,
BTCUSDT,AGRESSIF,21346.81,24934.600000000002,25391.81,,,,
BTCUSDT,AGRESSIF,21768.72,25740.72,26435.72,,,,
BTCUSDT,AGRESSIF,23084.0,28002.22,29417.04,,,,
BTCUSDT,AGRESSIF,23569.03,28417.43,29902.07,,,,
BTCUSDT,AGRESSIF,23826.74,26282.74,30647.74,,,,
BTCUSDT,AGRESSIF,23709.99,26165.99,30530.99,,,,
BTCUSDT,AGRESSIF,23471.54,25927.54,30292.54,,,,
BTCUSDT,AGRESSIF,23738.75,26194.75,30559.75,,2852.0,2891.0,
BTCUSDT,AGRESSIF,23490.14,25946.14,30311.14,,2852.0,2891.0,
BTCUSDT,AGRESSIF,24605.22,27403.22,31768.22,,2854.0,2892.0,
BTCUSDT,AGRESSIF,34861.71,43010.37,48237.850000000006,,,,
BTCUSDT,AGRESSIF,36909.86,46905.28,52132.759999999995,,,,
BTCUSDT,AGRESSIF,37919.72,48174.72,53402.2,,,,
BTCUSDT,AGRESSIF,39050.0,50300.0,55527.479999999996,,,,
BTCUSDT,AGRESSIF,41056.69,52342.200000000004,58630.200000000004,,,,
BTCUSDT,AGRESSIF,36035.42,47127.299999999996,51355.82,,,,
BTCUSDT,AGRESSIF,39923.48,50887.600000000006,54248.990000000005,,,,
BTCUSDT,AGRESSIF,36599.7,46341.09,50925.21,,,,
BTCUSDT,AGRESSIF,37750.0,47491.39,52075.51,,,,
BTCUSDT,AGRESSIF,36421.89,45169.63,50747.4,,,,
BTCUSDT,AGRESSIF,36690.0,43015.89,51015.51,,,,
BTCUSDT,AGRESSIF,37226.0,43551.89,51551.51,,,,
BTCUSDT,AGRESSIF,37387.98,43713.87,49613.490000000005,,,,
BTCUSDT,AGRESSIF,45930.82,54719.82,60246.42,107295.12,,,
BTCUSDT,AGRESSIF,45871.79,55024.8,59977.25,107236.09,,,
BTCUSDT,AGRESSIF,45986.76,55178.76,59895.36,107351.06,,,
BTCUSDT,AGRESSIF,46448.0,51039.57,55957.0,107812.3,,,
BTCUSDT,AGRESSIF,44764.32,49169.12,54273.32,106128.62,,,
BTCUSDT,AGRESSIF,45162.37,49177.37,54671.37,106526.67000000001,,,
BTCUSDT,AGRESSIF,47792.52,52988.21,58482.21,109156.82,,,
BTCUSDT,AGRESSIF,47639.8,52029.79000000001,58329.490000000005,109004.1,,,
BTCUSDT,AGRESSIF,47044.67,51544.67,58053.67,108408.97,,,
BTCUSDT,AGRESSIF,48985.5,54547.12,58203.49,110349.8,,,
BTCUSDT,AGRESSIF,48846.11,54740.73,56283.91,110210.41,,,
BTCUSDT,AGRESSIF,49212.4,55107.020000000004,56650.200000000004,110576.70000000001,,,
BTCUSDT,AGRESSIF,48550.0,54444.62,55987.8,109914.3,,,
BTCUSDT,AGRESSIF,49082.13,53402.13,55743.75,110446.43,,,
BTCUSDT,AGRESSIF,50302.74,54862.75,55133.74,111667.04000000001,,,
BTCUSDT,AGRESSIF,45375.83,56237.83,56237.83,106740.13,,,
BTCUSDT,AGRESSIF,44630.29,47910.29,55492.29,105994.59,,,
BTCUSDT,AGRESSIF,54820.01,64350.74,70527.29999999999,116184.31,,,
BTCUSDT,AGRESSIF,54960.79,62367.6,70668.07999999999,116325.09,,,
BTCUSDT,AGRESSIF,55075.01,62430.03,70782.29999999999,116439.31,,,
BTCUSDT,AGRESSIF,55182.24,62024.02999999999,70889.53,116546.54000000001,,,
BTCUSDT,AGRESSIF,56538.24,62989.759999999995,72691.03,117902.54000000001,,,
BTCUSDT,AGRESSIF,56820.0,63574.92,73276.19,118184.3,,,
BTCUSDT,AGRESSIF,57500.0,61811.520000000004,74477.13,118864.3,,,
BTCUSDT,AGRESSIF,54638.97,58862.31,71810.23999999999,116003.27,,,
BTCUSDT,AGRESSIF,59290.79,65640.79000000001,76680.39,120655.09,,,
BTCUSDT,AGRESSIF,60086.78,66816.78,77756.72,121451.08,,,
BTCUSDT,AGRESSIF,61507.6,69703.6,80382.04000000001,122871.9,,,
BTCUSDT,AGRESSIF,61571.45,71297.82,78683.76999999999,122935.75,,,
BTCUSDT,AGRESSIF,62175.0,71901.37,79287.32,123539.3,,,
BTCUSDT,AGRESSIF,62634.83,69832.44,79747.15,123999.13,,,
BTCUSDT,AGRESSIF,64219.99,71697.44,80046.37,125584.29000000001,,,
BTCUSDT,AGRESSIF,64314.75,71914.75,79805.54000000001,125679.05,,,
BTCUSDT,AGRESSIF,66918.39,75218.39,84453.8,128282.69,,,
BTCUSDT,AGRESSIF,62869.5,71169.5,76645.16,124233.8,,,
BTCUSDT,AGRESSIF,61186.92,67117.9,72256.92,124715.11,,,
BTCUSDT,AGRESSIF,61687.75,67933.73000000001,72037.75,125215.94,,,
BTCUSDT,AGRESSIF,61768.51,67412.51000000001,71368.51000000001,125296.70000000001,,,
BTCUSDT,AGRESSIF,64782.64,73881.34,76431.34,128310.83,,,
BTCUSDT,AGRESSIF,65259.14,74357.84,76907.84,128787.33,,,
BTCUSDT,AGRESSIF,64426.99,71312.69,74225.69,127955.18,,,
BTCUSDT,AGRESSIF,65568.38,72454.08,75367.08,129096.57,,,
BTCUSDT,AGRESSIF,59214.54,64782.3,72809.23999999999,124791.43,,,
BTCUSDT,AGRESSIF,58064.51,62867.33,72013.20999999999,123641.4,,,
BTCUSDT,AGRESSIF,57315.72,63520.340000000004,70465.77,122892.61,,,
BTCUSDT,AGRESSIF,46398.0,50071.8,54168.0,106552.68,,,
BTCUSDT,AGRESSIF,46388.0,49902.9,54158.0,106542.68,,,
BTCUSDT,AGRESSIF,46392.3,49874.700000000004,54162.3,106546.98,,,
BTCUSDT,AGRESSIF,46580.9,49994.100000000006,54350.9,106735.57999999999,,,
BTCUSDT,AGRESSIF,22433.0,23595.0,25376.4,76188.5,7538.0,7697.0,
BTCUSDT,AGRESSIF,24741.0,28337.1,28337.1,78496.5,,,
BTCUSDT,AGRESSIF,25090.2,28857.0,28857.0,78845.7,,,
BTCUSDT,AGRESSIF,28543.9,30223.2,31248.7,82299.4,,,
BTCUSDT,AGRESSIF,28005.9,29639.9,30710.7,81761.4,,,
BTCUSDT,AGRESSIF,29164.9,30780.7,31984.9,82920.4,,,
BTCUSDT,AGRESSIF,29623.1,31778.899999999998,32983.1,83378.6,,,
BTCUSDT,AGRESSIF,30105.7,32912.5,34116.7,83861.2,,,
BTCUSDT,AGRESSIF,29948.0,32749.2,33791.7,83703.5,,,
BTCUSDT,AGRESSIF,29874.9,32676.100000000002,33272.9,83630.4,,,
BTCUSDT,AGRESSIF,30149.1,32950.3,33547.1,83904.6,,,
BTCUSDT,AGRESSIF,30422.6,33308.7,33905.5,84178.1,,,
BTCUSDT,AGRESSIF,30684.5,33871.7,34468.5,84440.0,,,
BTCUSDT,AGRESSIF,30739.9,34036.100000000006,34632.9,84495.4,,,
BTCUSDT,AGRESSIF,30416.6,33322.0,34309.6,84172.1,,,
BTCUSDT,AGRESSIF,30318.9,32319.9,34211.9,84074.4,,,
BTCUSDT,AGRESSIF,30249.0,31688.0,34142.0,84004.5,,,
BTCUSDT,AGRESSIF,30220.1,31659.1,34113.1,83975.6,,,
BTCUSDT,AGRESSIF,28286.7,29747.300000000003,32426.4,82042.2,7956.0,,
BTCUSDT,AGRESSIF,29803.1,32932.0,33942.8,83558.6,,,
BTCUSDT,AGRESSIF,30748.0,32548.0,36017.1,84503.5,,,
BTCUSDT,AGRESSIF,31068.0,32868.0,36337.1,84823.5,,,
BTCUSDT,AGRESSIF,31254.0,33149.2,36523.1,85009.5,,,
BTCUSDT,AGRESSIF,30488.4,31733.7,33752.0,84243.9,,,
BTCUSDT,AGRESSIF,30765.4,31876.600000000002,32833.4,84520.9,,,
BTCUSDT,AGRESSIF,30510.1,31621.3,32578.1,84265.6,,,
BTCUSDT,AGRESSIF,30723.9,33465.9,35016.9,63480.7,,,
BTCUSDT,AGRESSIF,30508.0,33422.0,34973.0,63264.8,,,
BTCUSDT,AGRESSIF,34571.6,36375.9,43780.4,67328.4,,,
BTCUSDT,AGRESSIF,34627.8,36432.100000000006,43819.3,67384.6,,,
BTCUSDT,AGRESSIF,34664.5,36468.8,43766.4,67421.3,,,
BTCUSDT,AGRESSIF,34151.9,35690.1,42506.4,66908.7,,,
BTCUSDT,AGRESSIF,34504.1,36042.299999999996,42791.0,67260.9,,,
BTCUSDT,AGRESSIF,34553.6,36091.799999999996,42480.5,67310.4,,,
BTCUSDT,AGRESSIF,35437.5,37304.1,43343.4,68194.3,,,
BTCUSDT,AGRESSIF,35577.9,37647.8,43501.8,68334.7,,,
BTCUSDT,AGRESSIF,35253.1,37177.0,41555.0,68009.9,,,
BTCUSDT,AGRESSIF,34947.3,36311.3,40614.200000000004,67704.1,,,
BTCUSDT,AGRESSIF,35473.5,36959.9,40171.2,68230.3,9138.0,9284.0,
BTCUSDT,AGRESSIF,35406.5,37205.2,38572.9,68163.3,,,
BTCUSDT,AGRESSIF,35626.7,37420.7,38426.7,68383.5,,,
BTCUSDT,AGRESSIF,37253.6,41397.5,42403.5,70010.4,,,
BTCUSDT,AGRESSIF,37330.3,41309.9,42480.200000000004,70087.1,,,
BTCUSDT,AGRESSIF,37460.6,41014.299999999996,41884.5,70217.4,,,
BTCUSDT,AGRESSIF,37584.5,40098.4,41728.4,70341.3,,,
BTCUSDT,AGRESSIF,37749.8,40339.100000000006,41803.4,70506.6,,,
BTCUSDT,AGRESSIF,38217.3,41031.600000000006,42196.0,70974.1,,,
BTCUSDT,AGRESSIF,38750.0,41039.0,42128.3,71506.8,,,
BTCUSDT,AGRESSIF,44209.6,49018.5,52288.9,76966.4,,,
BTCUSDT,AGRESSIF,42726.8,46887.7,50063.200000000004,75483.6,,,
BTCUSDT,AGRESSIF,43269.9,47222.4,50606.3,76026.7,,,
BTCUSDT,AGRESSIF,42724.8,46595.7,50061.200000000004,75481.6,,,
BTCUSDT,AGRESSIF,42800.0,46670.899999999994,50136.4,75556.8,,,
BTCUSDT,AGRESSIF,43004.0,46000.2,47555.0,75760.8,,,
BTCUSDT,AGRESSIF,42950.0,45946.2,47501.0,75706.8,,,
BTCUSDT,AGRESSIF,44078.9,47909.7,48629.9,76835.7,,,
BTCUSDT,AGRESSIF,43999.2,47929.399999999994,48550.2,76756.0,,,
BTCUSDT,AGRESSIF,42727.7,45294.5,46657.899999999994,72063.8,9459.0,9498.0,
BTCUSDT,AGRESSIF,45434.9,49716.700000000004,50446.1,74771.0,,,
BTCUSDT,AGRESSIF,45495.6,50045.200000000004,50774.6,74831.7,,,
BTCUSDT,AGRESSIF,47007.1,52019.1,53986.1,77513.9,,,
BTCUSDT,AGRESSIF,42654.0,47564.0,51348.5,76238.3,,,
BTCUSDT,AGRESSIF,42918.3,44793.8,51612.8,76502.6,,,
BTCUSDT,AGRESSIF,41638.4,44927.4,50365.9,75222.70000000001,,,
BTCUSDT,AGRESSIF,52424.0,55540.6,63106.3,89839.8,,,
BTCUSDT,AGRESSIF,52157.5,54369.0,62839.8,89573.3,,,
BTCUSDT,AGRESSIF,52297.3,54740.700000000004,62828.4,89713.1,,,
BTCUSDT,AGRESSIF,61641.0,69865.4,75428.3,99288.7,,,
BTCUSDT,AGRESSIF,67220.0,77458.0,86057.3,116076.8,,,
BTCUSDT,AGRESSIF,68336.3,79555.1,88154.40000000001,117193.1,,,
BTCUSDT,AGRESSIF,69208.0,80426.8,88682.70000000001,118064.8,,,
BTCUSDT,AGRESSIF,69429.9,80648.7,88838.2,118286.7,,,
BTCUSDT,AGRESSIF,71223.9,78146.09999999999,91839.09999999999,126111.5,,,
BTCUSDT,AGRESSIF,71558.6,79289.40000000001,92982.40000000001,126446.20000000001,,,
BTCUSDT,AGRESSIF,72061.3,79224.5,93911.3,126948.90000000001,,,
BTCUSDT,AGRESSIF,72964.1,80214.1,90258.5,127851.70000000001,,,
BTCUSDT,AGRESSIF,73149.8,80784.8,90673.8,128037.40000000001,,,
BTCUSDT,AGRESSIF,73399.9,80154.9,90529.59999999999,128287.5,,,
BTCUSDT,AGRESSIF,70904.5,77785.9,85785.9,125792.1,,,
BTCUSDT,AGRESSIF,67260.9,74754.79999999999,80342.29999999999,125699.09999999999,,,
BTCUSDT,AGRESSIF,71019.6,79789.20000000001,84101.0,129457.8,,,
BTCUSDT,AGRESSIF,69920.6,78854.90000000001,83002.0,128358.8,,,
BTCUSDT,AGRESSIF,70535.0,79890.0,83616.4,128973.2,,,
BTCUSDT,AGRESSIF,70044.2,79399.2,83125.59999999999,128482.4,,,
BTCUSDT,AGRESSIF,70290.2,79645.2,83371.59999999999,128728.4,,,
BTCUSDT,AGRESSIF,68707.7,78301.7,81789.09999999999,127145.9,,,
BTCUSDT,AGRESSIF,69532.6,78400.40000000001,82614.0,127970.8,,,
BTCUSDT,AGRESSIF,70367.5,73890.7,81455.5,128805.7,,,
BTCUSDT,AGRESSIF,70446.2,73969.4,81534.2,128884.4,,,
BTCUSDT,AGRESSIF,71135.1,74658.3,82223.1,129573.3,,,
BTCUSDT,AGRESSIF,68483.9,75479.4,78077.9,126922.09999999999,,,
BTCUSDT,AGRESSIF,68200.0,75195.5,77794.0,126638.2,,,
BTCUSDT,AGRESSIF,67985.1,73630.1,77579.1,126423.3,,,
BTCUSDT,AGRESSIF,68094.0,73543.0,77688.0,126532.2,,,
BTCUSDT,AGRESSIF,71678.3,79468.7,80068.7,130116.5,,,
BTCUSDT,AGRESSIF,71034.3,76378.5,79424.7,129472.5,,,
BTCUSDT,AGRESSIF,70825.9,76170.09999999999,79216.29999999999,129264.09999999999,,,
BTCUSDT,AGRESSIF,63416.5,67178.5,72479.1,121854.7,,,
BTCUSDT,AGRESSIF,61833.9,68034.70000000001,69145.9,118617.1,,,
BTCUSDT,AGRESSIF,65385.3,73018.3,73018.3,119745.1,,,
BTCUSDT,AGRESSIF,65994.7,75048.4,75048.4,120354.5,,,
BTCUSDT,AGRESSIF,67872.3,75180.5,77372.3,122232.1,,,
BTCUSDT,AGRESSIF,67401.5,73781.5,76901.5,121761.29999999999,,,
BTCUSDT,AGRESSIF,67955.1,74335.1,77455.1,122314.9,,,
BTCUSDT,AGRESSIF,68710.0,75439.6,78680.7,123069.79999999999,,,
BTCUSDT,AGRESSIF,68582.3,75162.3,78682.3,122942.1,,,
BTCUSDT,AGRESSIF,68206.9,72435.2,78306.9,122566.69999999998,,,
BTCUSDT,AGRESSIF,68279.7,72623.4,78945.7,122639.5,,,
BTCUSDT,AGRESSIF,67261.9,70882.09999999999,74807.9,121621.69999999998,,,
BTCUSDT,AGRESSIF,67759.9,71380.09999999999,75305.9,122119.69999999998,,,
BTCUSDT,AGRESSIF,67816.8,71437.0,75362.8,122176.6,,,
BTCUSDT,AGRESSIF,70927.4,76977.2,78781.59999999999,125287.19999999998,,,
BTCUSDT,AGRESSIF,72374.9,79307.7,80093.2,126734.69999999998,,,
BTCUSDT,AGRESSIF,72534.6,80637.40000000001,81422.90000000001,126894.4,,,
BTCUSDT,AGRESSIF,72349.0,79594.9,80786.7,126708.79999999999,,,
BTCUSDT,AGRESSIF,72417.8,79369.8,80855.5,126777.6,,,
BTCUSDT,AGRESSIF,70638.6,77538.1,79076.3,124998.4,,,
BTCUSDT,AGRESSIF,70024.7,76589.7,78462.4,124384.5,,,
BTCUSDT,AGRESSIF,67845.6,73625.5,76283.3,122205.4,,,
BTCUSDT,AGRESSIF,78858.2,90152.8,92033.0,133218.0,,,
BTCUSDT,AGRESSIF,79926.7,91462.59999999999,93396.7,134286.5,,,
BTCUSDT,AGRESSIF,79735.1,91285.1,93174.6,134094.9,,,
BTCUSDT,AGRESSIF,91286.9,104241.0,117898.0,153465.1,,,
BTCUSDT,AGRESSIF,91173.3,103542.8,117784.40000000001,153351.5,,,
BTCUSDT,AGRESSIF,91795.9,98503.0,118407.0,165695.4,,,
BTCUSDT,AGRESSIF,92407.8,99114.90000000001,119018.90000000001,166307.3,,,
BTCUSDT,AGRESSIF,91696.1,97682.1,118307.20000000001,165595.6,11405.0,,
BTCUSDT,AGRESSIF,92455.5,98626.5,119066.6,166355.0,11409.0,,
BTCUSDT,AGRESSIF,93271.6,100543.5,120447.5,167171.1,,,
BTCUSDT,AGRESSIF,98470.8,108708.7,122510.7,172370.3,,,
BTCUSDT,AGRESSIF,98076.3,106208.90000000001,111022.3,178214.7,,,
BTCUSDT,AGRESSIF,102292.1,113317.5,116056.1,180148.1,,,
BTCUSDT,AGRESSIF,104460.5,114185.1,119635.1,184509.9,,,
BTCUSDT,AGRESSIF,120733.2,134259.7,137523.2,210518.8,,,
BTCUSDT,AGRESSIF,122731.0,137602.0,141021.0,212516.6,,,
BTCUSDT,AGRESSIF,116777.1,129644.90000000001,135067.1,206562.7,,,
BTCUSDT,AGRESSIF,119176.5,126798.4,135276.5,208962.1,,,
BTCUSDT,AGRESSIF,119356.5,126978.4,135456.5,209142.1,,,
BTCUSDT,AGRESSIF,118669.4,123570.9,134569.4,208455.0,,,
BTCUSDT,AGRESSIF,118131.2,122893.7,134031.2,207916.8,,,
BTCUSDT,AGRESSIF,118374.8,122956.2,134274.8,207658.0,,,
BTCUSDT,AGRESSIF,119352.3,123933.7,135252.3,208635.5,,,
BTCUSDT,AGRESSIF,118902.0,123337.1,131769.8,208185.2,,,
BTCUSDT,AGRESSIF,118209.1,123841.90000000001,126841.8,207492.3,,,
BTCUSDT,AGRESSIF,118873.1,124017.8,127505.8,207726.8,,,
BTCUSDT,AGRESSIF,115366.2,119202.2,123816.3,204219.9,,,
BTCUSDT,AGRESSIF,116469.1,121401.70000000001,124431.1,205322.8,,,
BTCUSDT,AGRESSIF,120897.3,127397.40000000001,131497.3,208586.6,,,
BTCUSDT,AGRESSIF,118918.1,126459.70000000001,131613.7,206607.40000000002,,,
BTCUSDT,AGRESSIF,116897.5,122771.0,129817.20000000001,204743.1,,,
BTCUSDT,TRES_AGRESSIF,9493.63,9928.63,9992.609999999999,,,,
BTCUSDT,TRES_AGRESSIF,9507.99,9942.99,10006.97,,,,
BTCUSDT,TRES_AGRESSIF,9527.39,10019.31,10083.289999999999,,,,
BTCUSDT,TRES_AGRESSIF,9554.76,10112.4,10189.06,,,,
BTCUSDT,TRES_AGRESSIF,9583.49,10130.8,10217.789999999999,,,,
BTCUSDT,TRES_AGRESSIF,9584.63,10131.939999999999,10218.929999999998,,,,
BTCUSDT,TRES_AGRESSIF,9577.05,10112.369999999999,10211.349999999999,,,,
BTCUSDT,TRES_AGRESSIF,9674.11,10239.11,10340.09,,1935.0,1938.0,
BTCUSDT,TRES_AGRESSIF,9701.54,10284.02,10392.62,,,,
BTCUSDT,TRES_AGRESSIF,9719.98,10187.98,10415.96,,1935.0,1938.0,
BTCUSDT,TRES_AGRESSIF,11355.05,12993.05,13756.05,,,,
BTCUSDT,TRES_AGRESSIF,11666.32,13302.38,14334.47,,,,
BTCUSDT,TRES_AGRESSIF,11790.92,13097.11,14569.11,,,,
BTCUSDT,TRES_AGRESSIF,12026.41,13484.4,14956.4,,,,
BTCUSDT,TRES_AGRESSIF,11227.07,12891.32,14250.31,,,,
BTCUSDT,TRES_AGRESSIF,11127.9,12792.15,14139.15,,,,
BTCUSDT,TRES_AGRESSIF,11248.83,12913.08,14229.08,,,,
BTCUSDT,TRES_AGRESSIF,11286.62,12950.87,14168.87,,,,
BTCUSDT,TRES_AGRESSIF,11444.46,13108.71,14326.71,,,,
BTCUSDT,TRES_AGRESSIF,12041.88,12909.25,14531.13,,,,
BTCUSDT,TRES_AGRESSIF,11790.0,12763.0,13454.25,,,,
BTCUSDT,TRES_AGRESSIF,11733.78,12706.78,13398.03,,,,
BTCUSDT,TRES_AGRESSIF,11808.99,12781.99,13473.24,,,,
BTCUSDT,TRES_AGRESSIF,12443.99,13661.99,14010.99,,,,
BTCUSDT,TRES_AGRESSIF,12350.16,13577.58,13926.58,,,,
BTCUSDT,TRES_AGRESSIF,11762.14,12299.58,13134.56,,,,
BTCUSDT,TRES_AGRESSIF,11753.29,12256.230000000001,13125.710000000001,,,,
BTCUSDT,TRES_AGRESSIF,11616.24,12190.92,12985.66,,,,
BTCUSDT,TRES_AGRESSIF,11934.24,12759.62,13303.66,,,,
BTCUSDT,TRES_AGRESSIF,10274.95,12457.37,12457.37,,,,
BTCUSDT,TRES_AGRESSIF,13448.85,14244.36,15784.36,,,,
BTCUSDT,TRES_AGRESSIF,13605.16,14540.73,16080.73,,,,
BTCUSDT,TRES_AGRESSIF,13650.01,14679.01,16219.01,,,,
BTCUSDT,TRES_AGRESSIF,13043.02,14191.02,15731.02,,,,
BTCUSDT,TRES_AGRESSIF,13549.12,14683.12,16237.12,,,,
BTCUSDT,TRES_AGRESSIF,13565.01,14699.01,16213.01,,,,
BTCUSDT,TRES_AGRESSIF,13680.13,14944.13,16570.129999999997,,,,
BTCUSDT,TRES_AGRESSIF,13790.02,15054.02,16629.6,,,,
BTCUSDT,TRES_AGRESSIF,13732.13,14996.13,16474.129999999997,,,,
BTCUSDT,TRES_AGRESSIF,13712.05,14752.05,16194.039999999999,,,,
BTCUSDT,TRES_AGRESSIF,14016.55,15056.55,16483.55,,,,
BTCUSDT,TRES_AGRESSIF,14097.25,15182.25,16526.25,,,,
BTCUSDT,TRES_AGRESSIF,15807.89,18100.41,19063.09,,,,
BTCUSDT,TRES_AGRESSIF,15298.13,16932.33,18406.33,,,,
BTCUSDT,TRES_AGRESSIF,15404.54,16923.54,18512.74,,,,
BTCUSDT,TRES_AGRESSIF,15576.66,17095.66,18684.86,,,,
BTCUSDT,TRES_AGRESSIF,15671.21,17190.21,18779.41,,,,
BTCUSDT,TRES_AGRESSIF,16282.0,17939.99,19661.99,,,,
BTCUSDT,TRES_AGRESSIF,16085.39,17743.38,19425.27,,,,
BTCUSDT,TRES_AGRESSIF,16231.27,17273.56,19516.260000000002,,2616.0,2695.0,
BTCUSDT,TRES_AGRESSIF,16445.0,17487.29,19729.99,,2617.0,2788.0,
BTCUSDT,TRES_AGRESSIF,16776.69,18185.989999999998,20428.69,,2621.0,2789.0,
BTCUSDT,TRES_AGRESSIF,20737.75,23714.74,24073.75,,,,
BTCUSDT,TRES_AGRESSIF,21346.81,24934.600000000002,25391.81,,,,
BTCUSDT,TRES_AGRESSIF,21768.72,25740.72,26435.72,,,,
BTCUSDT,TRES_AGRESSIF,23084.0,28002.22,29417.04,,,,
BTCUSDT,TRES_AGRESSIF,23569.03,28417.43,29902.07,,,,
BTCUSDT,TRES_AGRESSIF,23826.74,26282.74,30647.74,,,,
BTCUSDT,TRES_AGRESSIF,23709.99,26165.99,30530.99,,,,
BTCUSDT,TRES_AGRESSIF,23471.54,25927.54,30292.54,,,,
BTCUSDT,TRES_AGRESSIF,23738.75,26194.75,30559.75,,2852.0,2891.0,
BTCUSDT,TRES_AGRESSIF,23490.14,25946.14,30311.14,,2852.0,2891.0,
BTCUSDT,TRES_AGRESSIF,24605.22,27403.22,31768.22,,2854.0,2892.0,
BTCUSDT,TRES_AGRESSIF,34861.71,43010.37,48237.850000000006,,,,
BTCUSDT,TRES_AGRESSIF,36909.86,46905.28,52132.759999999995,,,,
BTCUSDT,TRES_AGRESSIF,37919.72,48174.72,53402.2,,,,
BTCUSDT,TRES_AGRESSIF,39050.0,50300.0,55527.479999999996,,,,
BTCUSDT,TRES_AGRESSIF,41056.69,52342.200000000004,58630.200000000004,,,,
BTCUSDT,TRES_AGRESSIF,36035.42,47127.299999999996,51355.82,,,,
BTCUSDT,TRES_AGRESSIF,39923.48,50887.600000000006,54248.990000000005,,,,
BTCUSDT,TRES_AGRESSIF,36599.7,46341.09,50925.21,,,,
BTCUSDT,TRES_AGRESSIF,37750.0,47491.39,52075.51,,,,
BTCUSDT,TRES_AGRESSIF,36421.89,45169.63,50747.4,,,,
BTCUSDT,TRES_AGRESSIF,36690.0,43015.89,51015.51,,,,
BTCUSDT,TRES_AGRESSIF,37226.0,43551.89,51551.51,,,,
BTCUSDT,TRES_AGRESSIF,37387.98,43713.87,49613.490000000005,,,,
BTCUSDT,TRES_AGRESSIF,45930.82,54719.82,60246.42,107295.12,,,
BTCUSDT,TRES_AGRESSIF,45871.79,55024.8,59977.25,107236.09,,,
BTCUSDT,TRES_AGRESSIF,45986.76,55178.76,59895.36,107351.06,,,
BTCUSDT,TRES_AGRESSIF,46448.0,51039.57,55957.0,107812.3,,,
BTCUSDT,TRES_AGRESSIF,44764.32,49169.12,54273.32,106128.62,,,
BTCUSDT,TRES_AGRESSIF,45162.37,49177.37,54671.37,106526.67000000001,,,
BTCUSDT,TRES_AGRESSIF,47792.52,52988.21,58482.21,109156.82,,,
BTCUSDT,TRES_AGRESSIF,47639.8,52029.79000000001,58329.490000000005,109004.1,,,
BTCUSDT,TRES_AGRESSIF,47044.67,51544.67,58053.67,108408.97,,,
BTCUSDT,TRES_AGRESSIF,48985.5,54547.12,58203.49,110349.8,,,
BTCUSDT,TRES_AGRESSIF,48846.11,54740.73,56283.91,110210.41,,,
BTCUSDT,TRES_AGRESSIF,49212.4,55107.020000000004,56650.200000000004,110576.70000000001,,,
BTCUSDT,TRES_AGRESSIF,48550.0,54444.62,55987.8,109914.3,,,
BTCUSDT,TRES_AGRESSIF,49082.13,53402.13,55743.75,110446.43,,,
BTCUSDT,TRES_AGRESSIF,50302.74,54862.75,55133.74,111667.04000000001,,,
BTCUSDT,TRES_AGRESSIF,45375.83,56237.83,56237.83,106740.13,,,
BTCUSDT,TRES_AGRESSIF,44630.29,47910.29,55492.29,105994.59,,,
BTCUSDT,TRES_AGRESSIF,54820.01,64350.74,70527.29999999999,116184.31,,,
BTCUSDT,TRES_AGRESSIF,54960.79,62367.6,70668.07999999999,116325.09,,,
BTCUSDT,TRES_AGRESSIF,55075.01,62430.03,70782.29999999999,116439.31,,,
BTCUSDT,TRES_AGRESSIF,55182.24,62024.02999999999,70889.53,116546.54000000001,,,
BTCUSDT,TRES_AGRESSIF,56538.24,62989.759999999995,72691.03,117902.54000000001,,,
BTCUSDT,TRES_AGRESSIF,56820.0,63574.92,73276.19,118184.3,,,
BTCUSDT,TRES_AGRESSIF,57500.0,61811.520000000004,74477.13,118864.3,,,
BTCUSDT,TRES_AGRESSIF,54638.97,58862.31,71810.23999999999,116003.27,,,
BTCUSDT,TRES_AGRESSIF,59290.79,65640.79000000001,76680.39,120655.09,,,
BTCUSDT,TRES_AGRESSIF,60086.78,66816.78,77756.72,121451.08,,,
BTCUSDT,TRES_AGRESSIF,61507.6,69703.6,80382.04000000001,122871.9,,,
BTCUSDT,TRES_AGRESSIF,61571.45,71297.82,78683.76999999999,122935.75,,,
BTCUSDT,TRES_AGRESSIF,62175.0,71901.37,79287.32,123539.3,,,
BTCUSDT,TRES_AGRESSIF,62634.83,69832.44,79747.15,123999.13,,,
BTCUSDT,TRES_AGRESSIF,64219.99,71697.44,80046.37,125584.29000000001,,,
BTCUSDT,TRES_AGRESSIF,64314.75,71914.75,79805.54000000001,125679.05,,,
BTCUSDT,TRES_AGRESSIF,66918.39,75218.39,84453.8,128282.69,,,
BTCUSDT,TRES_AGRESSIF,62869.5,71169.5,76645.16,124233.8,,,
BTCUSDT,TRES_AGRESSIF,61186.92,67117.9,72256.92,124715.11,,,
BTCUSDT,TRES_AGRESSIF,61687.75,67933.73000000001,72037.75,125215.94,,,
BTCUSDT,TRES_AGRESSIF,61768.51,67412.51000000001,71368.51000000001,125296.70000000001,,,
BTCUSDT,TRES_AGRESSIF,64782.64,73881.34,76431.34,128310.83,,,
BTCUSDT,TRES_AGRESSIF,65259.14,74357.84,76907.84,128787.33,,,
BTCUSDT,TRES_AGRESSIF,64426.99,71312.69,74225.69,127955.18,,,
BTCUSDT,TRES_AGRESSIF,65568.38,72454.08,75367.08,129096.57,,,
BTCUSDT,TRES_AGRESSIF,59214.54,64782.3,72809.23999999999,124791.43,,,
BTCUSDT,TRES_AGRESSIF,58064.51,62867.33,72013.20999999999,123641.4,,,
BTCUSDT,TRES_AGRESSIF,57315.72,63520.340000000004,70465.77,122892.61,,,
BTCUSDT,TRES_AGRESSIF,46398.0,50071.8,54168.0,106552.68,,,
BTCUSDT,TRES_AGRESSIF,46388.0,49902.9,54158.0,106542.68,,,
BTCUSDT,TRES_AGRESSIF,46392.3,49874.700000000004,54162.3,106546.98,,,
BTCUSDT,TRES_AGRESSIF,46580.9,49994.100000000006,54350.9,106735.57999999999,,,
BTCUSDT,TRES_AGRESSIF,22433.0,23595.0,25376.4,76188.5,7538.0,7697.0,
BTCUSDT,TRES_AGRESSIF,24741.0,28337.1,28337.1,78496.5,,,
BTCUSDT,TRES_AGRESSIF,25090.2,28857.0,28857.0,78845.7,,,
BTCUSDT,TRES_AGRESSIF,28543.9,30223.2,31248.7,82299.4,,,
BTCUSDT,TRES_AGRESSIF,28005.9,29639.9,30710.7,81761.4,,,
BTCUSDT,TRES_AGRESSIF,29164.9,30780.7,31984.9,82920.4,,,
BTCUSDT,TRES_AGRESSIF,29623.1,31778.899999999998,32983.1,83378.6,,,
BTCUSDT,TRES_AGRESSIF,30105.7,32912.5,34116.7,83861.2,,,
BTCUSDT,TRES_AGRESSIF,29948.0,32749.2,33791.7,83703.5,,,
BTCUSDT,TRES_AGRESSIF,29874.9,32676.100000000002,33272.9,83630.4,,,
BTCUSDT,TRES_AGRESSIF,30149.1,32950.3,33547.1,83904.6,,,
BTCUSDT,TRES_AGRESSIF,30422.6,33308.7,33905.5,84178.1,,,
BTCUSDT,TRES_AGRESSIF,30684.5,33871.7,34468.5,84440.0,,,
BTCUSDT,TRES_AGRESSIF,30739.9,34036.100000000006,34632.9,84495.4,,,
BTCUSDT,TRES_AGRESSIF,30416.6,33322.0,34309.6,84172.1,,,
BTCUSDT,TRES_AGRESSIF,30318.9,32319.9,34211.9,84074.4,,,
BTCUSDT,TRES_AGRESSIF,30249.0,31688.0,34142.0,84004.5,,,
BTCUSDT,TRES_AGRESSIF,30220.1,31659.1,34113.1,83975.6,,,
BTCUSDT,TRES_AGRESSIF,28286.7,29747.300000000003,32426.4,82042.2,7956.0,,
BTCUSDT,TRES_AGRESSIF,29803.1,32932.0,33942.8,83558.6,,,
BTCUSDT,TRES_AGRESSIF,30748.0,32548.0,36017.1,84503.5,,,
BTCUSDT,TRES_AGRESSIF,31068.0,32868.0,36337.1,84823.5,,,
BTCUSDT,TRES_AGRESSIF,31254.0,33149.2,36523.1,85009.5,,,
BTCUSDT,TRES_AGRESSIF,30488.4,31733.7,33752.0,84243.9,,,
BTCUSDT,TRES_AGRESSIF,30765.4,31876.600000000002,32833.4,84520.9,,,
BTCUSDT,TRES_AGRESSIF,30510.1,31621.3,32578.1,84265.6,,,
BTCUSDT,TRES_AGRESSIF,30723.9,33465.9,35016.9,63480.7,,,
BTCUSDT,TRES_AGRESSIF,30508.0,33422.0,34973.0,63264.8,,,
BTCUSDT,TRES_AGRESSIF,34571.6,36375.9,43780.4,67328.4,,,
BTCUSDT,TRES_AGRESSIF,34627.8,36432.100000000006,43819.3,67384.6,,,
BTCUSDT,TRES_AGRESSIF,34664.5,36468.8,43766.4,67421.3,,,
BTCUSDT,TRES_AGRESSIF,34151.9,35690.1,42506.4,66908.7,,,
BTCUSDT,TRES_AGRESSIF,34504.1,36042.299999999996,42791.0,67260.9,,,
BTCUSDT,TRES_AGRESSIF,34553.6,36091.799999999996,42480.5,67310.4,,,
BTCUSDT,TRES_AGRESSIF,35437.5,37304.1,43343.4,68194.3,,,
BTCUSDT,TRES_AGRESSIF,35577.9,37647.8,43501.8,68334.7,,,
BTCUSDT,TRES_AGRESSIF,35253.1,37177.0,41555.0,68009.9,,,
BTCUSDT,TRES_AGRESSIF,34947.3,36311.3,40614.200000000004,67704.1,,,
BTCUSDT,TRES_AGRESSIF,35473.5,36959.9,40171.2,68230.3,9138.0,9284.0,
BTCUSDT,TRES_AGRESSIF,35406.5,37205.2,38572.9,68163.3,,,
BTCUSDT,TRES_AGRESSIF,35626.7,37420.7,38426.7,68383.5,,,
BTCUSDT,TRES_AGRESSIF,37253.6,41397.5,42403.5,70010.4,,,
BTCUSDT,TRES_AGRESSIF,37330.3,41309.9,42480.200000000004,70087.1,,,
BTCUSDT,TRES_AGRESSIF,37460.6,41014.299999999996,41884.5,70217.4,,,
BTCUSDT,TRES_AGRESSIF,37584.5,40098.4,41728.4,70341.3,,,
BTCUSDT,TRES_AGRESSIF,37749.8,40339.100000000006,41803.4,70506.6,,,
BTCUSDT,TRES_AGRESSIF,38217.3,41031.600000000006,42196.0,70974.1,,,
BTCUSDT,TRES_AGRESSIF,38750.0,41039.0,42128.3,71506.8,,,
BTCUSDT,TRES_AGRESSIF,44209.6,49018.5,52288.9,76966.4,,,
BTCUSDT,TRES_AGRESSIF,42726.8,46887.7,50063.200000000004,75483.6,,,
BTCUSDT,TRES_AGRESSIF,43269.9,47222.4,50606.3,76026.7,,,
BTCUSDT,TRES_AGRESSIF,42724.8,46595.7,50061.200000000004,75481.6,,,
BTCUSDT,TRES_AGRESSIF,42800.0,46670.899999999994,50136.4,75556.8,,,
BTCUSDT,TRES_AGRESSIF,43004.0,46000.2,47555.0,75760.8,,,
BTCUSDT,TRES_AGRESSIF,42950.0,45946.2,47501.0,75706.8,,,
BTCUSDT,TRES_AGRESSIF,44078.9,47909.7,48629.9,76835.7,,,
BTCUSDT,TRES_AGRESSIF,43999.2,47929.399999999994,48550.2,76756.0,,,
BTCUSDT,TRES_AGRESSIF,42727.7,45294.5,46657.899999999994,72063.8,9459.0,9498.0,
BTCUSDT,TRES_AGRESSIF,45434.9,49716.700000000004,50446.1,74771.0,,,
BTCUSDT,TRES_AGRESSIF,45495.6,50045.200000000004,50774.6,74831.7,,,
BTCUSDT,TRES_AGRESSIF,47007.1,52019.1,53986.1,77513.9,,,
BTCUSDT,TRES_AGRESSIF,42654.0,47564.0,51348.5,76238.3,,,
BTCUSDT,TRES_AGRESSIF,42918.3,44793.8,51612.8,76502.6,,,
BTCUSDT,TRES_AGRESSIF,41638.4,44927.4,50365.9,75222.70000000001,,,
BTCUSDT,TRES_AGRESSIF,52424.0,55540.6,63106.3,89839.8,,,
BTCUSDT,TRES_AGRESSIF,52157.5,54369.0,62839.8,89573.3,,,
BTCUSDT,TRES_AGRESSIF,52297.3,54740.700000000004,62828.4,89713.1,,,
BTCUSDT,TRES_AGRESSIF,61641.0,69865.4,75428.3,99288.7,,,
BTCUSDT,TRES_AGRESSIF,67220.0,77458.0,86057.3,116076.8,,,
BTCUSDT,TRES_AGRESSIF,68336.3,79555.1,88154.40000000001,117193.1,,,
BTCUSDT,TRES_AGRESSIF,69208.0,80426.8,88682.70000000001,118064.8,,,
BTCUSDT,TRES_AGRESSIF,69429.9,80648.7,88838.2,118286.7,,,
BTCUSDT,TRES_AGRESSIF,71223.9,78146.09999999999,91839.09999999999,126111.5,,,
BTCUSDT,TRES_AGRESSIF,71558.6,79289.40000000001,92982.40000000001,126446.20000000001,,,
BTCUSDT,TRES_AGRESSIF,72061.3,79224.5,93911.3,126948.90000000001,,,
BTCUSDT,TRES_AGRESSIF,72964.1,80214.1,90258.5,127851.70000000001,,,
BTCUSDT,TRES_AGRESSIF,73149.8,80784.8,90673.8,128037.40000000001,,,
BTCUSDT,TRES_AGRESSIF,73399.9,80154.9,90529.59999999999,128287.5,,,
BTCUSDT,TRES_AGRESSIF,70904.5,77785.9,85785.9,125792.1,,,
BTCUSDT,TRES_AGRESSIF,67260.9,74754.79999999999,80342.29999999999,125699.09999999999,,,
BTCUSDT,TRES_AGRESSIF,71019.6,79789.20000000001,84101.0,129457.8,,,
BTCUSDT,TRES_AGRESSIF,69920.6,78854.90000000001,83002.0,128358.8,,,
BTCUSDT,TRES_AGRESSIF,70535.0,79890.0,83616.4,128973.2,,,
BTCUSDT,TRES_AGRESSIF,70044.2,79399.2,83125.59999999999,128482.4,,,
BTCUSDT,TRES_AGRESSIF,70290.2,79645.2,83371.59999999999,128728.4,,,
BTCUSDT,TRES_AGRESSIF,68707.7,78301.7,81789.09999999999,127145.9,,,
BTCUSDT,TRES_AGRESSIF,69532.6,78400.40000000001,82614.0,127970.8,,,
BTCUSDT,TRES_AGRESSIF,70367.5,73890.7,81455.5,128805.7,,,
BTCUSDT,TRES_AGRESSIF,70446.2,73969.4,81534.2,128884.4,,,
BTCUSDT,TRES_AGRESSIF,71135.1,74658.3,82223.1,129573.3,,,
BTCUSDT,TRES_AGRESSIF,68483.9,75479.4,78077.9,126922.09999999999,,,
BTCUSDT,TRES_AGRESSIF,68200.0,75195.5,77794.0,126638.2,,,
BTCUSDT,TRES_AGRESSIF,67985.1,73630.1,77579.1,126423.3,,,
BTCUSDT,TRES_AGRESSIF,68094.0,73543.0,77688.0,126532.2,,,
BTCUSDT,TRES_AGRESSIF,71678.3,79468.7,80068.7,130116.5,,,
BTCUSDT,TRES_AGRESSIF,71034.3,76378.5,79424.7,129472.5,,,
BTCUSDT,TRES_AGRESSIF,70825.9,76170.09999999999,79216.29999999999,129264.09999999999,,,
BTCUSDT,TRES_AGRESSIF,63416.5,67178.5,72479.1,121854.7,,,
BTCUSDT,TRES_AGRESSIF,61833.9,68034.70000000001,69145.9,118617.1,,,
BTCUSDT,TRES_AGRESSIF,65385.3,73018.3,73018.3,119745.1,,,
BTCUSDT,TRES_AGRESSIF,65994.7,75048.4,75048.4,120354.5,,,
BTCUSDT,TRES_AGRESSIF,67872.3,75180.5,77372.3,122232.1,,,
BTCUSDT,TRES_AGRESSIF,67401.5,73781.5,76901.5,121761.29999999999,,,
BTCUSDT,TRES_AGRESSIF,67955.1,74335.1,77455.1,122314.9,,,
BTCUSDT,TRES_AGRESSIF,68710.0,75439.6,78680.7,123069.79999999999,,,
BTCUSDT,TRES_AGRESSIF,68582.3,75162.3,78682.3,122942.1,,,
BTCUSDT,TRES_AGRESSIF,68206.9,72435.2,78306.9,122566.69999999998,,,
BTCUSDT,TRES_AGRESSIF,68279.7,72623.4,78945.7,122639.5,,,
BTCUSDT,TRES_AGRESSIF,67261.9,70882.09999999999,74807.9,121621.69999999998,,,
BTCUSDT,TRES_AGRESSIF,67759.9,71380.09999999999,75305.9,122119.69999999998,,,
BTCUSDT,TRES_AGRESSIF,67816.8,71437.0,75362.8,122176.6,,,
BTCUSDT,TRES_AGRESSIF,70927.4,76977.2,78781.59999999999,125287.19999999998,,,
BTCUSDT,TRES_AGRESSIF,72374.9,79307.7,80093.2,126734.69999999998,,,
BTCUSDT,TRES_AGRESSIF,72534.6,80637.40000000001,81422.90000000001,126894.4,,,
BTCUSDT,TRES_AGRESSIF,72349.0,79594.9,80786.7,126708.79999999999,,,
BTCUSDT,TRES_AGRESSIF,72417.8,79369.8,80855.5,126777.6,,,
BTCUSDT,TRES_AGRESSIF,70638.6,77538.1,79076.3,124998.4,,,
BTCUSDT,TRES_AGRESSIF,70024.7,76589.7,78462.4,124384.5,,,
BTCUSDT,TRES_AGRESSIF,67845.6,73625.5,76283.3,122205.4,,,
BTCUSDT,TRES_AGRESSIF,78858.2,90152.8,92033.0,133218.0,,,
BTCUSDT,TRES_AGRESSIF,79926.7,91462.59999999999,93396.7,134286.5,,,
BTCUSDT,TRES_AGRESSIF,79735.1,91285.1,93174.6,134094.9,,,
BTCUSDT,TRES_AGRESSIF,91286.9,104241.0,117898.0,153465.1,,,
BTCUSDT,TRES_AGRESSIF,91173.3,103542.8,117784.40000000001,153351.5,,,
BTCUSDT,TRES_AGRESSIF,91795.9,98503.0,118407.0,165695.4,,,
BTCUSDT,TRES_AGRESSIF,92407.8,99114.90000000001,119018.90000000001,166307.3,,,
BTCUSDT,TRES_AGRESSIF,91696.1,97682.1,118307.20000000001,165595.6,11405.0,,
BTCUSDT,TRES_AGRESSIF,92455.5,98626.5,119066.6,166355.0,11409.0,,
BTCUSDT,TRES_AGRESSIF,93271.6,100543.5,120447.5,167171.1,,,
BTCUSDT,TRES_AGRESSIF,98470.8,108708.7,122510.7,172370.3,,,
BTCUSDT,TRES_AGRESSIF,98076.3,106208.90000000001,111022.3,178214.7,,,
BTCUSDT,TRES_AGRESSIF,102292.1,113317.5,116056.1,180148.1,,,
BTCUSDT,TRES_AGRESSIF,104460.5,114185.1,119635.1,184509.9,,,
BTCUSDT,TRES_AGRESSIF,120733.2,134259.7,137523.2,210518.8,,,
BTCUSDT,TRES_AGRESSIF,122731.0,137602.0,141021.0,212516.6,,,
BTCUSDT,TRES_AGRESSIF,116777.1,129644.90000000001,135067.1,206562.7,,,
BTCUSDT,TRES_AGRESSIF,119176.5,126798.4,135276.5,208962.1,,,
BTCUSDT,TRES_AGRESSIF,119356.5,126978.4,135456.5,209142.1,,,
BTCUSDT,TRES_AGRESSIF,118669.4,123570.9,134569.4,208455.0,,,
BTCUSDT,TRES_AGRESSIF,118131.2,122893.7,134031.2,207916.8,,,
BTCUSDT,TRES_AGRESSIF,118374.8,122956.2,134274.8,207658.0,,,
BTCUSDT,TRES_AGRESSIF,119352.3,123933.7,135252.3,208635.5,,,
BTCUSDT,TRES_AGRESSIF,118902.0,123337.1,131769.8,208185.2,,,
BTCUSDT,TRES_AGRESSIF,118209.1,123841.90000000001,126841.8,207492.3,,,
BTCUSDT,TRES_AGRESSIF,118873.1,124017.8,127505.8,207726.8,,,
BTCUSDT,TRES_AGRESSIF,115366.2,119202.2,123816.3,204219.9,,,
BTCUSDT,TRES_AGRESSIF,116469.1,121401.70000000001,124431.1,205322.8,,,
BTCUSDT,TRES_AGRESSIF,120897.3,127397.40000000001,131497.3,208586.6,,,
BTCUSDT,TRES_AGRESSIF,118918.1,126459.70000000001,131613.7,206607.40000000002,,,
BTCUSDT,TRES_AGRESSIF,116897.5,122771.0,129817.20000000001,204743.1,,,
ETHUSDT,FAIBLE,395.49,511.98,572.46,,,,
ETHUSDT,FAIBLE,399.14,515.63,576.11,,,,
ETHUSDT,FAIBLE,400.94,517.4300000000001,577.91,,,,
ETHUSDT,FAIBLE,385.78,426.99999999999994,536.5699999999999,,,,
ETHUSDT,FAIBLE,390.54,437.15000000000003,509.85,,,,
ETHUSDT,FAIBLE,397.97,444.58000000000004,517.28,,,,
ETHUSDT,FAIBLE,395.39,442.0,514.7,,,,
ETHUSDT,FAIBLE,382.54,422.12000000000006,499.03000000000003,,,,
ETHUSDT,FAIBLE,425.27,491.46999999999997,555.52,,,,
ETHUSDT,FAIBLE,437.1,509.61,573.6600000000001,,,,
ETHUSDT,FAIBLE,441.6,521.21,585.26,,,,
ETHUSDT,FAIBLE,432.78,512.39,576.44,,,,
ETHUSDT,FAIBLE,427.2,506.81,570.86,,,,
ETHUSDT,FAIBLE,438.42,510.65000000000003,526.1500000000001,,,,
ETHUSDT,FAIBLE,407.19,446.67,490.14,,,,
ETHUSDT,FAIBLE,403.84,443.32,486.78999999999996,,,,
ETHUSDT,FAIBLE,439.74,537.25,558.9200000000001,,,,
ETHUSDT,FAIBLE,436.94,530.53,556.12,,,,
ETHUSDT,FAIBLE,463.53,509.57,563.27,,,,
ETHUSDT,FAIBLE,469.17,522.36,576.06,,,,
ETHUSDT,FAIBLE,461.61,514.8,568.5,,,,
ETHUSDT,FAIBLE,462.69,507.25,569.5799999999999,,,,
ETHUSDT,FAIBLE,464.3,507.43,571.19,,,,
ETHUSDT,FAIBLE,464.55,507.68,571.44,,,,
ETHUSDT,FAIBLE,469.75,512.88,576.64,,,,
ETHUSDT,FAIBLE,473.97,517.1,580.86,,,,
ETHUSDT,FAIBLE,492.05,548.95,593.1600000000001,,2165.0,2175.0,
ETHUSDT,FAIBLE,506.2,575.8,615.55,,,,
ETHUSDT,FAIBLE,505.25,576.66,609.63,,,,
ETHUSDT,FAIBLE,569.79,691.6399999999999,754.3399999999999,,,,
ETHUSDT,FAIBLE,533.67,678.1999999999999,718.2199999999999,,,,
ETHUSDT,FAIBLE,541.46,685.99,726.01,,,,
ETHUSDT,FAIBLE,551.47,686.35,736.02,,,,
ETHUSDT,FAIBLE,585.92,730.78,769.5799999999999,,,,
ETHUSDT,FAIBLE,599.07,730.73,774.23,,,,
ETHUSDT,FAIBLE,614.8,737.16,789.9599999999999,,,,
ETHUSDT,FAIBLE,619.69,727.85,793.2,,,,
ETHUSDT,FAIBLE,604.69,702.5500000000001,778.2,,,,
ETHUSDT,FAIBLE,587.05,676.7499999999999,756.7099999999999,,,,
ETHUSDT,FAIBLE,594.95,675.61,753.49,,,,
ETHUSDT,FAIBLE,596.98,677.64,755.52,,,,
ETHUSDT,FAIBLE,597.48,678.14,756.02,,,,
ETHUSDT,FAIBLE,557.81,634.7399999999999,716.3499999999999,,,,
ETHUSDT,FAIBLE,568.87,633.62,703.03,,,,
ETHUSDT,FAIBLE,579.3,637.8,710.9599999999999,,,,
ETHUSDT,FAIBLE,585.66,644.66,693.8199999999999,,,,
ETHUSDT,FAIBLE,591.85,656.32,700.01,,,,
ETHUSDT,FAIBLE,620.61,705.5799999999999,717.78,,,,
ETHUSDT,FAIBLE,623.16,710.03,722.37,,,,
ETHUSDT,FAIBLE,637.79,734.92,747.26,,,,
ETHUSDT,FAIBLE,638.3,740.93,785.5,,,,
ETHUSDT,FAIBLE,651.91,754.07,799.11,,,,
ETHUSDT,FAIBLE,625.17,727.24,767.07,,,,
ETHUSDT,FAIBLE,637.89,745.4000000000001,772.75,,,,
ETHUSDT,FAIBLE,650.95,761.7300000000001,782.3400000000001,,,,
ETHUSDT,FAIBLE,699.89,854.2700000000001,854.2700000000001,,,,
ETHUSDT,FAIBLE,729.97,926.7600000000001,926.7600000000001,,,,
ETHUSDT,FAIBLE,745.2,947.8900000000001,947.8900000000001,,,,
ETHUSDT,FAIBLE,753.05,898.7099999999999,967.0,,,,
ETHUSDT,FAIBLE,750.77,896.43,964.72,,,,
ETHUSDT,FAIBLE,769.57,854.28,997.57,,,,
ETHUSDT,FAIBLE,800.99,902.7700000000001,1061.6200000000001,,2421.0,2433.0,
ETHUSDT,FAIBLE,830.97,959.3100000000001,1118.16,,,,
ETHUSDT,FAIBLE,919.97,1140.93,1299.7800000000002,,,,
ETHUSDT,FAIBLE,1162.33,1661.1599999999999,1829.95,,,,
ETHUSDT,FAIBLE,1218.21,1724.96,1901.4,,,,
ETHUSDT,FAIBLE,1253.98,1756.43,1964.3100000000002,,,,
ETHUSDT,FAIBLE,1279.96,1619.73,1978.8600000000001,,,,
ETHUSDT,FAIBLE,1314.52,1687.43,2046.56,,,,
ETHUSDT,FAIBLE,1347.58,1696.1,2083.18,,,,
ETHUSDT,FAIBLE,1103.64,1543.1000000000001,1743.7500000000002,,,,
ETHUSDT,FAIBLE,1232.07,1671.53,1872.18,,,,
ETHUSDT,FAIBLE,1221.38,1660.8400000000001,1861.4900000000002,,,,
ETHUSDT,FAIBLE,1221.53,1566.33,1861.64,,,,
ETHUSDT,FAIBLE,1282.46,1651.07,1922.5700000000002,,,,
ETHUSDT,FAIBLE,1254.48,1591.17,1893.54,,,,
ETHUSDT,FAIBLE,1220.7,1471.95,1782.91,,,,
ETHUSDT,FAIBLE,1241.96,1476.5,1706.6200000000001,,,,
ETHUSDT,FAIBLE,1263.0,1489.79,1727.66,,,,
ETHUSDT,FAIBLE,1325.85,1605.85,1790.51,,,,
ETHUSDT,FAIBLE,1382.61,1705.01,1885.01,,,,
ETHUSDT,FAIBLE,1294.62,1697.5399999999997,1823.4699999999998,,,,
ETHUSDT,FAIBLE,1317.6,1720.5199999999998,1846.4499999999998,,,,
ETHUSDT,FAIBLE,1345.0,1747.9199999999998,1873.85,,,,
ETHUSDT,FAIBLE,1318.46,1758.79,1884.72,,,,
ETHUSDT,FAIBLE,1349.94,1625.4,1790.27,,,,
ETHUSDT,FAIBLE,1382.14,1657.6000000000001,1822.47,,,,
ETHUSDT,FAIBLE,1374.07,1611.07,1814.3999999999999,,,,
ETHUSDT,FAIBLE,1380.42,1617.42,1820.75,,,,
ETHUSDT,FAIBLE,1428.4,1626.3000000000002,1868.73,,2609.0,2663.0,
ETHUSDT,FAIBLE,1521.19,1774.78,2003.6499999999999,,,,
ETHUSDT,FAIBLE,1516.2,1797.7,2026.57,,,,
ETHUSDT,FAIBLE,1627.17,1983.3600000000001,2197.36,,,,
ETHUSDT,FAIBLE,1767.01,2124.5299999999997,2409.01,,,,
ETHUSDT,FAIBLE,1794.55,2152.0699999999997,2425.27,,,,
ETHUSDT,FAIBLE,3054.37,3552.05,4075.3900000000003,,,,
ETHUSDT,FAIBLE,3148.72,3718.31,4258.82,,,,
ETHUSDT,FAIBLE,3155.72,3703.9399999999996,4315.299999999999,,,,
ETHUSDT,FAIBLE,3319.97,4096.110000000001,4727.35,,,,
ETHUSDT,FAIBLE,3483.95,4292.29,4923.53,,,,
ETHUSDT,FAIBLE,3415.49,4261.469999999999,4892.709999999999,,,,
ETHUSDT,FAIBLE,3302.06,4104.82,4774.53,,,,
ETHUSDT,FAIBLE,3358.89,4161.65,4778.53,,,,
ETHUSDT,FAIBLE,3483.58,4275.19,4903.219999999999,,,,
ETHUSDT,FAIBLE,3531.34,4243.08,4974.08,,,,
ETHUSDT,FAIBLE,3556.19,4285.49,5032.1900000000005,,,,
ETHUSDT,FAIBLE,3564.94,4259.9400000000005,5070.9400000000005,,,,
ETHUSDT,FAIBLE,3537.21,4116.24,5043.21,,3183.0,,
ETHUSDT,FAIBLE,3531.71,4055.25,5037.71,,3180.0,,
ETHUSDT,FAIBLE,3543.75,4067.29,5003.17,,3181.0,,
ETHUSDT,FAIBLE,3163.43,3832.1,4209.1,,,,
ETHUSDT,FAIBLE,3161.49,3680.31,4235.26,,,,
ETHUSDT,FAIBLE,3234.68,3773.46,4301.77,,,,
ETHUSDT,FAIBLE,3245.99,3687.23,4325.73,,,,
ETHUSDT,FAIBLE,3214.72,3604.47,4252.3,,,,
ETHUSDT,FAIBLE,3030.2,3419.95,4059.98,,,,
ETHUSDT,FAIBLE,3117.46,3507.21,4127.24,,,,
ETHUSDT,FAIBLE,3266.31,3623.2999999999997,4182.539999999999,,,,
ETHUSDT,FAIBLE,3249.0,3605.99,4165.23,,,,
ETHUSDT,FAIBLE,3264.39,3626.39,4166.389999999999,7559.34,,,
ETHUSDT,FAIBLE,3149.61,3542.61,3965.61,7444.560000000001,,,
ETHUSDT,FAIBLE,3253.42,3646.42,3876.11,7548.370000000001,,,
ETHUSDT,FAIBLE,3347.77,3754.22,3822.99,7642.720000000001,,,
ETHUSDT,FAIBLE,3971.51,4865.57,4985.82,8266.460000000001,,,
ETHUSDT,FAIBLE,3929.18,4625.62,4913.62,8224.130000000001,,,
ETHUSDT,FAIBLE,3438.0,4292.41,4551.4400000000005,7732.950000000001,,,
ETHUSDT,FAIBLE,3407.15,3834.2900000000004,4520.59,7702.1,,,
ETHUSDT,FAIBLE,3258.29,3685.4300000000003,4371.73,7553.240000000001,,,
ETHUSDT,FAIBLE,4190.06,4804.74,5099.39,8485.010000000002,,,
ETHUSDT,FAIBLE,4218.71,4973.99,5240.31,8513.66,,,
ETHUSDT,FAIBLE,4170.5,4825.17,5192.1,8465.45,,,
ETHUSDT,FAIBLE,4153.57,4696.700000000001,5175.17,8458.94,,,
ETHUSDT,FAIBLE,4216.4,4718.0,5238.0,8521.77,,,
ETHUSDT,FAIBLE,4154.37,4585.62,5131.68,8459.740000000002,,,
ETHUSDT,FAIBLE,4373.52,4953.660000000001,5207.09,8678.890000000001,,,
ETHUSDT,FAIBLE,4209.95,4790.09,5043.52,8515.32,,,
ETHUSDT,FAIBLE,4593.17,5053.13,5463.200000000001,8976.830000000002,,,
ETHUSDT,FAIBLE,4640.25,5191.88,5630.04,9232.02,,,
ETHUSDT,FAIBLE,4693.67,5245.3,5683.46,9285.44,,,
ETHUSDT,FAIBLE,4645.06,5072.6,5377.6,9236.830000000002,,,
ETHUSDT,FAIBLE,4281.05,5094.92,5200.63,9074.36,,,
ETHUSDT,FAIBLE,4367.9,4845.95,5287.48,9161.21,,,
ETHUSDT,FAIBLE,4318.62,4735.280000000001,5238.2,9111.93,,,
ETHUSDT,FAIBLE,4308.18,4955.47,5169.01,9101.490000000002,,,
ETHUSDT,FAIBLE,4337.36,4984.65,5198.19,9130.67,,,
ETHUSDT,FAIBLE,4445.09,5092.38,5305.92,9238.400000000001,,,
ETHUSDT,FAIBLE,4595.62,5308.28,5456.45,9388.93,,,
ETHUSDT,FAIBLE,4728.44,5553.049999999999,5600.629999999999,9521.75,,,
ETHUSDT,FAIBLE,4358.35,5461.17,5753.389999999999,9135.78,,,
ETHUSDT,FAIBLE,4002.61,4662.57,5397.65,8780.04,,,
ETHUSDT,FAIBLE,3483.18,3799.17,4229.8099999999995,8133.83,,,
ETHUSDT,FAIBLE,3459.97,3782.91,4175.48,8110.619999999999,,,
ETHUSDT,FAIBLE,3498.24,3821.18,4213.75,8148.889999999999,,,
ETHUSDT,FAIBLE,3486.32,3809.26,4201.83,8136.969999999999,,,
ETHUSDT,FAIBLE,3520.65,3890.59,4283.16,8171.299999999999,,,
ETHUSDT,FAIBLE,3100.43,3353.99,3779.5499999999997,7675.969999999999,,,
ETHUSDT,FAIBLE,3000.0,3388.7,3397.7,7570.18,,,
ETHUSDT,FAIBLE,3001.49,3390.1899999999996,3390.1899999999996,7571.67,,,
ETHUSDT,FAIBLE,1571.62,1690.62,1828.62,5571.12,7062.0,7274.0,
ETHUSDT,FAIBLE,1711.86,1923.35,1996.36,5711.36,,,
ETHUSDT,FAIBLE,1811.52,2006.49,2290.16,5811.02,,,
ETHUSDT,FAIBLE,1837.44,1988.44,2329.9300000000003,5836.9400000000005,,,
ETHUSDT,FAIBLE,1864.18,1981.3300000000002,2058.17,5863.68,,,
ETHUSDT,FAIBLE,1862.11,1996.27,2073.1099999999997,5861.61,,,
ETHUSDT,FAIBLE,1920.91,2038.6000000000001,2181.91,5920.41,,,
ETHUSDT,FAIBLE,1985.15,2162.84,2222.3100000000004,5984.65,,,
ETHUSDT,FAIBLE,1996.84,2188.02,2247.49,5996.34,,,
ETHUSDT,FAIBLE,2011.51,2216.2,2275.67,6011.01,,,
ETHUSDT,FAIBLE,2100.66,2392.0699999999997,2477.0499999999997,6100.16,,,
ETHUSDT,FAIBLE,2076.32,2356.9300000000003,2461.17,6075.82,,,
ETHUSDT,FAIBLE,2078.0,2326.09,2462.85,6077.5,,,
ETHUSDT,FAIBLE,2079.37,2318.47,2458.2699999999995,6078.87,,,
ETHUSDT,FAIBLE,2117.91,2278.8999999999996,2496.8099999999995,6117.41,,,
ETHUSDT,FAIBLE,1918.35,2101.02,2282.42,5917.85,,,
ETHUSDT,FAIBLE,1918.92,2101.59,2282.99,5918.42,,,
ETHUSDT,FAIBLE,1902.94,2037.66,2212.8500000000004,5902.4400000000005,,,
ETHUSDT,FAIBLE,1895.75,2030.47,2096.94,5895.25,,,
ETHUSDT,FAIBLE,1859.72,1973.49,2196.98,4561.68,,,
ETHUSDT,FAIBLE,3017.22,3335.7,3756.31,5038.18,,,
ETHUSDT,FAIBLE,2969.65,3288.13,3654.42,4990.610000000001,,,
ETHUSDT,FAIBLE,2956.51,3132.6400000000003,3530.4700000000003,4977.47,9315.0,9356.0,
ETHUSDT,FAIBLE,2989.27,3165.4,3563.23,5010.23,9316.0,9357.0,
ETHUSDT,FAIBLE,3027.3,3214.6200000000003,3612.4500000000003,5048.26,9318.0,9358.0,
ETHUSDT,FAIBLE,3905.19,4647.55,4945.93,6558.15,,,
ETHUSDT,FAIBLE,3913.52,4662.95,4961.33,6566.48,,,
ETHUSDT,FAIBLE,3954.66,4709.639999999999,5008.02,6607.62,,,
ETHUSDT,FAIBLE,3926.3,4724.63,5023.01,6579.26,,,
ETHUSDT,FAIBLE,3928.91,4727.24,5025.62,6581.87,,,
ETHUSDT,FAIBLE,3920.23,4718.5599999999995,5016.9400000000005,6573.1900000000005,,,
ETHUSDT,FAIBLE,3908.16,4706.49,5004.33,6561.12,,,
ETHUSDT,FAIBLE,4013.37,4321.57,5028.57,7021.7,,,
ETHUSDT,FAIBLE,4038.52,4381.43,5073.04,7046.85,,,
ETHUSDT,FAIBLE,4030.07,4409.710000000001,5091.460000000001,7038.4,,,
ETHUSDT,FAIBLE,4053.74,4433.38,4999.4400000000005,7062.07,,,
ETHUSDT,FAIBLE,4004.12,4383.76,4949.82,7012.45,,,
ETHUSDT,FAIBLE,3997.38,4377.02,4943.08,7005.71,,,
ETHUSDT,FAIBLE,3959.22,4338.860000000001,4904.92,6967.549999999999,,,
ETHUSDT,FAIBLE,3584.48,4033.79,4628.120000000001,6678.120000000001,,,
ETHUSDT,FAIBLE,3637.91,4072.2599999999998,4681.55,6731.55,,,
ETHUSDT,FAIBLE,3589.65,4024.0,4633.290000000001,6683.290000000001,,,
ETHUSDT,FAIBLE,3588.89,4023.24,4625.54,6682.530000000001,,,
ETHUSDT,FAIBLE,3563.48,3817.52,4319.58,6657.120000000001,,,
ETHUSDT,FAIBLE,3630.18,3843.0,4319.719999999999,6723.82,,,
ETHUSDT,FAIBLE,3922.39,4350.73,5017.139999999999,6949.889999999999,,,
ETHUSDT,FAIBLE,3902.78,4337.85,5004.26,6930.280000000001,,,
ETHUSDT,FAIBLE,3966.12,4421.57,5087.98,6993.62,,,
ETHUSDT,FAIBLE,3752.82,4022.6800000000003,4871.110000000001,6780.32,,,
ETHUSDT,FAIBLE,3739.58,4014.88,4828.45,6767.08,,,
ETHUSDT,FAIBLE,3775.61,4050.9100000000003,4739.46,6803.110000000001,,,
ETHUSDT,FAIBLE,3790.39,4065.69,4752.08,6817.889999999999,,,
ETHUSDT,FAIBLE,3801.39,4073.77,4736.33,6828.889999999999,,,
ETHUSDT,FAIBLE,2705.19,2901.46,3145.75,5436.32,,,
ETHUSDT,FAIBLE,2644.66,2840.93,3085.22,5375.79,,,
ETHUSDT,FAIBLE,2621.79,2796.18,3062.35,5352.92,,,
ETHUSDT,FAIBLE,2475.35,2802.3399999999997,2888.14,5206.48,,,
ETHUSDT,FAIBLE,3156.49,3589.3799999999997,4249.49,5887.62,,,
ETHUSDT,FAIBLE,3197.38,3630.27,4290.38,5928.51,,,
ETHUSDT,FAIBLE,3133.36,3452.25,4226.360000000001,5864.49,,,
ETHUSDT,FAIBLE,3146.13,3465.02,4239.13,5877.26,,,
ETHUSDT,FAIBLE,3129.3,3355.5,4222.3,5860.43,,,
ETHUSDT,FAIBLE,3210.48,3436.68,4303.48,5941.610000000001,,,
ETHUSDT,FAIBLE,3101.79,3313.29,4150.5599999999995,5832.92,,,
ETHUSDT,FAIBLE,3131.98,3343.11,4180.75,5863.110000000001,,,
ETHUSDT,FAIBLE,3348.88,3748.37,3907.84,6080.01,,,
ETHUSDT,FAIBLE,3357.3,3756.79,3916.26,6088.43,,,
ETHUSDT,FAIBLE,3463.13,3931.57,4072.03,6194.26,,,
ETHUSDT,FAIBLE,3297.12,3765.56,3806.0499999999997,6028.25,,,
ETHUSDT,FAIBLE,3475.22,3976.6499999999996,3991.0399999999995,6206.35,,,
ETHUSDT,FAIBLE,3521.18,4032.6699999999996,4047.0599999999995,6252.3099999999995,,,
ETHUSDT,FAIBLE,3467.02,3983.6099999999997,4000.8199999999997,6198.15,,,
ETHUSDT,FAIBLE,3298.08,3587.5699999999997,3831.8799999999997,6029.21,,,
ETHUSDT,FAIBLE,3596.64,4030.45,4268.53,6327.77,,,
ETHUSDT,FAIBLE,3594.51,4028.32,4266.4,6325.64,,,
ETHUSDT,FAIBLE,3660.11,4093.92,4332.0,6391.24,,,
ETHUSDT,FAIBLE,3705.64,4181.45,4419.139999999999,6436.77,,,
ETHUSDT,FAIBLE,3869.74,4327.73,4681.219999999999,6475.72,,,
ETHUSDT,FAIBLE,3996.29,4540.28,4788.1,6602.27,,,
ETHUSDT,FAIBLE,4071.0,4647.219999999999,4895.04,6676.9800000000005,,,
ETHUSDT,FAIBLE,3786.76,4404.59,4625.4,6392.740000000001,,,
ETHUSDT,FAIBLE,3904.58,4458.27,4593.25,6510.56,,,
ETHUSDT,FAIBLE,3956.91,4510.6,4574.74,6562.89,,,
ETHUSDT,FAIBLE,3857.74,4369.68,4475.57,6463.72,,,
ETHUSDT,FAIBLE,4033.25,4320.87,4668.24,6639.2300000000005,,,
ETHUSDT,FAIBLE,2667.47,2944.17,3093.47,5393.459999999999,,,
ETHUSDT,FAIBLE,2686.84,2963.5400000000004,3112.84,5412.83,,,
ETHUSDT,FAIBLE,2616.61,2870.8100000000004,3038.2900000000004,5342.6,,,
ETHUSDT,FAIBLE,2680.4,2934.6000000000004,3102.0800000000004,5406.389999999999,,,
ETHUSDT,FAIBLE,2762.04,3093.32,3238.3,5488.03,,,
ETHUSDT,FAIBLE,2620.7,2931.58,3096.96,5346.69,,,
ETHUSDT,FAIBLE,2540.75,2840.77,2950.01,5266.74,,,
ETHUSDT,FAIBLE,3051.1,3511.47,3766.5699999999997,5777.09,,,
ETHUSDT,FAIBLE,3137.62,3379.2999999999997,3914.5699999999997,5863.61,12352.0,12485.0,
ETHUSDT,FAIBLE,3115.07,3366.11,3901.38,5841.0599999999995,12352.0,12484.0,
ETHUSDT,FAIBLE,3160.55,3431.75,3967.02,5886.54,12355.0,12489.0,
ETHUSDT,FAIBLE,4307.78,5085.78,5300.2699999999995,7255.7699999999995,,,
ETHUSDT,FAIBLE,4257.53,4981.75,5274.0199999999995,7205.5199999999995,,,
ETHUSDT,FAIBLE,4515.18,5185.18,5680.67,7463.17,,,
ETHUSDT,FAIBLE,4589.31,5352.610000000001,5875.8,7537.3,,,
ETHUSDT,FAIBLE,4645.4,5418.91,5948.509999999999,7593.389999999999,,,
ETHUSDT,FAIBLE,4632.63,5266.63,6073.12,7580.62,,,
ETHUSDT,FAIBLE,4449.48,5079.25,5889.969999999999,7397.469999999999,,,
ETHUSDT,FAIBLE,4703.61,5532.099999999999,5702.039999999999,8113.61,,,
ETHUSDT,FAIBLE,4749.17,5577.66,5688.25,8159.17,,,
ETHUSDT,FAIBLE,4777.25,5605.74,5660.719999999999,8187.25,,,
ETHUSDT,FAIBLE,4655.31,5302.9800000000005,5552.9800000000005,8228.98,,,
ETHUSDT,FAIBLE,4476.99,4769.5,5374.66,8050.66,,,
ETHUSDT,FAIBLE,4717.86,5210.86,5280.37,8291.529999999999,,,
ETHUSDT,FAIBLE,4178.8,4812.76,4945.92,7752.47,,,
ETHUSDT,FAIBLE,2496.01,2687.8900000000003,2707.2900000000004,6069.68,,,
ETHUSDT,FAIBLE,2487.97,2667.12,2699.25,6061.639999999999,,,
ETHUSDT,FAIBLE,2469.0,2648.15,2680.28,6042.67,,,
ETHUSDT,MODERE,395.49,511.98,572.46,,,,
ETHUSDT,MODERE,399.14,515.63,576.11,,,,
ETHUSDT,MODERE,400.94,517.4300000000001,577.91,,,,
ETHUSDT,MODERE,385.78,426.99999999999994,536.5699999999999,,,,
ETHUSDT,MODERE,390.54,437.15000000000003,509.85,,,,
ETHUSDT,MODERE,397.97,444.58000000000004,517.28,,,,
ETHUSDT,MODERE,395.39,442.0,514.7,,,,
ETHUSDT,MODERE,382.54,422.12000000000006,499.03000000000003,,,,
ETHUSDT,MODERE,425.27,491.46999999999997,555.52,,,,
ETHUSDT,MODERE,437.1,509.61,573.6600000000001,,,,
ETHUSDT,MODERE,441.6,521.21,585.26,,,,
ETHUSDT,MODERE,432.78,512.39,576.44,,,,
ETHUSDT,MODERE,427.2,506.81,570.86,,,,
ETHUSDT,MODERE,438.42,510.65000000000003,526.1500000000001,,,,
ETHUSDT,MODERE,407.19,446.67,490.14,,,,
ETHUSDT,MODERE,403.84,443.32,486.78999999999996,,,,
ETHUSDT,MODERE,439.74,537.25,558.9200000000001,,,,
ETHUSDT,MODERE,436.94,530.53,556.12,,,,
ETHUSDT,MODERE,463.53,509.57,563.27,,,,
ETHUSDT,MODERE,469.17,522.36,576.06,,,,
ETHUSDT,MODERE,461.61,514.8,568.5,,,,
ETHUSDT,MODERE,462.69,507.25,569.5799999999999,,,,
ETHUSDT,MODERE,464.3,507.43,571.19,,,,
ETHUSDT,MODERE,464.55,507.68,571.44,,,,
ETHUSDT,MODERE,469.75,512.88,576.64,,,,
ETHUSDT,MODERE,473.97,517.1,580.86,,,,
ETHUSDT,MODERE,492.05,548.95,593.1600000000001,,2165.0,2175.0,
ETHUSDT,MODERE,506.2,575.8,615.55,,,,
ETHUSDT,MODERE,505.25,576.66,609.63,,,,
ETHUSDT,MODERE,569.79,691.6399999999999,754.3399999999999,,,,
ETHUSDT,MODERE,533.67,678.1999999999999,718.2199999999999,,,,
ETHUSDT,MODERE,541.46,685.99,726.01,,,,
ETHUSDT,MODERE,551.47,686.35,736.02,,,,
ETHUSDT,MODERE,585.92,730.78,769.5799999999999,,,,
ETHUSDT,MODERE,599.07,730.73,774.23,,,,
ETHUSDT,MODERE,614.8,737.16,789.9599999999999,,,,
ETHUSDT,MODERE,619.69,727.85,793.2,,,,
ETHUSDT,MODERE,604.69,702.5500000000001,778.2,,,,
ETHUSDT,MODERE,587.05,676.7499999999999,756.7099999999999,,,,
ETHUSDT,MODERE,594.95,675.61,753.49,,,,
ETHUSDT,MODERE,596.98,677.64,755.52,,,,
ETHUSDT,MODERE,597.48,678.14,756.02,,,,
ETHUSDT,MODERE,557.81,634.7399999999999,716.3499999999999,,,,
ETHUSDT,MODERE,568.87,633.62,703.03,,,,
ETHUSDT,MODERE,579.3,637.8,710.9599999999999,,,,
ETHUSDT,MODERE,585.66,644.66,693.8199999999999,,,,
ETHUSDT,MODERE,591.85,656.32,700.01,,,,
ETHUSDT,MODERE,620.61,705.5799999999999,717.78,,,,
ETHUSDT,MODERE,623.16,710.03,722.37,,,,
ETHUSDT,MODERE,637.79,734.92,747.26,,,,
ETHUSDT,MODERE,638.3,740.93,785.5,,,,
ETHUSDT,MODERE,651.91,754.07,799.11,,,,
ETHUSDT,MODERE,625.17,727.24,767.07,,,,
ETHUSDT,MODERE,637.89,745.4000000000001,772.75,,,,
ETHUSDT,MODERE,650.95,761.7300000000001,782.3400000000001,,,,
ETHUSDT,MODERE,699.89,854.2700000000001,854.2700000000001,,,,
ETHUSDT,MODERE,729.97,926.7600000000001,926.7600000000001,,,,
ETHUSDT,MODERE,745.2,947.8900000000001,947.8900000000001,,,,
ETHUSDT,MODERE,753.05,898.7099999999999,967.0,,,,
ETHUSDT,MODERE,750.77,896.43,964.72,,,,
ETHUSDT,MODERE,769.57,854.28,997.57,,,,
ETHUSDT,MODERE,800.99,902.7700000000001,1061.6200000000001,,2421.0,2433.0,
ETHUSDT,MODERE,830.97,959.3100000000001,1118.16,,,,
ETHUSDT,MODERE,919.97,1140.93,1299.7800000000002,,,,
ETHUSDT,MODERE,1162.33,1661.1599999999999,1829.95,,,,
ETHUSDT,MODERE,1218.21,1724.96,1901.4,,,,
ETHUSDT,MODERE,1253.98,1756.43,1964.3100000000002,,,,
ETHUSDT,MODERE,1279.96,1619.73,1978.8600000000001,,,,
ETHUSDT,MODERE,1314.52,1687.43,2046.56,,,,
ETHUSDT,MODERE,1347.58,1696.1,2083.18,,,,
ETHUSDT,MODERE,1103.64,1543.1000000000001,1743.7500000000002,,,,
ETHUSDT,MODERE,1232.07,1671.53,1872.18,,,,
ETHUSDT,MODERE,1221.38,1660.8400000000001,1861.4900000000002,,,,
ETHUSDT,MODERE,1221.53,1566.33,1861.64,,,,
ETHUSDT,MODERE,1282.46,1651.07,1922.5700000000002,,,,
ETHUSDT,MODERE,1254.48,1591.17,1893.54,,,,
ETHUSDT,MODERE,1220.7,1471.95,1782.91,,,,
ETHUSDT,MODERE,1241.96,1476.5,1706.6200000000001,,,,
ETHUSDT,MODERE,1263.0,1489.79,1727.66,,,,
ETHUSDT,MODERE,1325.85,1605.85,1790.51,,,,
ETHUSDT,MODERE,1382.61,1705.01,1885.01,,,,
ETHUSDT,MODERE,1294.62,1697.5399999999997,1823.4699999999998,,,,
ETHUSDT,MODERE,1317.6,1720.5199999999998,1846.4499999999998,,,,
ETHUSDT,MODERE,1345.0,1747.9199999999998,1873.85,,,,
ETHUSDT,MODERE,1318.46,1758.79,1884.72,,,,
ETHUSDT,MODERE,1349.94,1625.4,1790.27,,,,
ETHUSDT,MODERE,1382.14,1657.6000000000001,1822.47,,,,
ETHUSDT,MODERE,1374.07,1611.07,1814.3999999999999,,,,
ETHUSDT,MODERE,1380.42,1617.42,1820.75,,,,
ETHUSDT,MODERE,1428.4,1626.3000000000002,1868.73,,2609.0,2663.0,
ETHUSDT,MODERE,1521.19,1774.78,2003.6499999999999,,,,
ETHUSDT,MODERE,1516.2,1797.7,2026.57,,,,
ETHUSDT,MODERE,1627.17,1983.3600000000001,2197.36,,,,
ETHUSDT,MODERE,1767.01,2124.5299999999997,2409.01,,,,
ETHUSDT,MODERE,1794.55,2152.0699999999997,2425.27,,,,
ETHUSDT,MODERE,3054.37,3552.05,4075.3900000000003,,,,
ETHUSDT,MODERE,3148.72,3718.31,4258.82,,,,
ETHUSDT,MODERE,3155.72,3703.9399999999996,4315.299999999999,,,,
ETHUSDT,MODERE,3319.97,4096.110000000001,4727.35,,,,
ETHUSDT,MODERE,3483.95,4292.29,4923.53,,,,
ETHUSDT,MODERE,3415.49,4261.469999999999,4892.709999999999,,,,
ETHUSDT,MODERE,3302.06,4104.82,4774.53,,,,
ETHUSDT,MODERE,3358.89,4161.65,4778.53,,,,
ETHUSDT,MODERE,3483.58,4275.19,4903.219999999999,,,,
ETHUSDT,MODERE,3531.34,4243.08,4974.08,,,,
ETHUSDT,MODERE,3556.19,4285.49,5032.1900000000005,,,,
ETHUSDT,MODERE,3564.94,4259.9400000000005,5070.9400000000005,,,,
ETHUSDT,MODERE,3537.21,4116.24,5043.21,,3183.0,,
ETHUSDT,MODERE,3531.71,4055.25,5037.71,,3180.0,,
ETHUSDT,MODERE,3543.75,4067.29,5003.17,,3181.0,,
ETHUSDT,MODERE,3163.43,3832.1,4209.1,,,,
ETHUSDT,MODERE,3161.49,3680.31,4235.26,,,,
ETHUSDT,MODERE,3234.68,3773.46,4301.77,,,,
ETHUSDT,MODERE,3245.99,3687.23,4325.73,,,,
ETHUSDT,MODERE,3214.72,3604.47,4252.3,,,,
ETHUSDT,MODERE,3030.2,3419.95,4059.98,,,,
ETHUSDT,MODERE,3117.46,3507.21,4127.24,,,,
ETHUSDT,MODERE,3266.31,3623.2999999999997,4182.539999999999,,,,
ETHUSDT,MODERE,3249.0,3605.99,4165.23,,,,
ETHUSDT,MODERE,3264.39,3626.39,4166.389999999999,7559.34,,,
ETHUSDT,MODERE,3149.61,3542.61,3965.61,7444.560000000001,,,
ETHUSDT,MODERE,3253.42,3646.42,3876.11,7548.370000000001,,,
ETHUSDT,MODERE,3347.77,3754.22,3822.99,7642.720000000001,,,
ETHUSDT,MODERE,3971.51,4865.57,4985.82,8266.460000000001,,,
ETHUSDT,MODERE,3929.18,4625.62,4913.62,8224.130000000001,,,
ETHUSDT,MODERE,3438.0,4292.41,4551.4400000000005,7732.950000000001,,,
ETHUSDT,MODERE,3407.15,3834.2900000000004,4520.59,7702.1,,,
ETHUSDT,MODERE,3258.29,3685.4300000000003,4371.73,7553.240000000001,,,
ETHUSDT,MODERE,4190.06,4804.74,5099.39,8485.010000000002,,,
ETHUSDT,MODERE,4218.71,4973.99,5240.31,8513.66,,,
ETHUSDT,MODERE,4170.5,4825.17,5192.1,8465.45,,,
ETHUSDT,MODERE,4153.57,4696.700000000001,5175.17,8458.94,,,
ETHUSDT,MODERE,4216.4,4718.0,5238.0,8521.77,,,
ETHUSDT,MODERE,4154.37,4585.62,5131.68,8459.740000000002,,,
ETHUSDT,MODERE,4373.52,4953.660000000001,5207.09,8678.890000000001,,,
ETHUSDT,MODERE,4209.95,4790.09,5043.52,8515.32,,,
ETHUSDT,MODERE,4593.17,5053.13,5463.200000000001,8976.830000000002,,,
ETHUSDT,MODERE,4640.25,5191.88,5630.04,9232.02,,,
ETHUSDT,MODERE,4693.67,5245.3,5683.46,9285.44,,,
ETHUSDT,MODERE,4645.06,5072.6,5377.6,9236.830000000002,,,
ETHUSDT,MODERE,4281.05,5094.92,5200.63,9074.36,,,
ETHUSDT,MODERE,4367.9,4845.95,5287.48,9161.21,,,
ETHUSDT,MODERE,4318.62,4735.280000000001,5238.2,9111.93,,,
ETHUSDT,MODERE,4308.18,4955.47,5169.01,9101.490000000002,,,
ETHUSDT,MODERE,4337.36,4984.65,5198.19,9130.67,,,
ETHUSDT,MODERE,4445.09,5092.38,5305.92,9238.400000000001,,,
ETHUSDT,MODERE,4595.62,5308.28,5456.45,9388.93,,,
ETHUSDT,MODERE,4728.44,5553.049999999999,5600.629999999999,9521.75,,,
ETHUSDT,MODERE,4358.35,5461.17,5753.389999999999,9135.78,,,
ETHUSDT,MODERE,4002.61,4662.57,5397.65,8780.04,,,
ETHUSDT,MODERE,3483.18,3799.17,4229.8099999999995,8133.83,,,
ETHUSDT,MODERE,3459.97,3782.91,4175.48,8110.619999999999,,,
ETHUSDT,MODERE,3498.24,3821.18,4213.75,8148.889999999999,,,
ETHUSDT,MODERE,3486.32,3809.26,4201.83,8136.969999999999,,,
ETHUSDT,MODERE,3520.65,3890.59,4283.16,8171.299999999999,,,
ETHUSDT,MODERE,3100.43,3353.99,3779.5499999999997,7675.969999999999,,,
ETHUSDT,MODERE,3000.0,3388.7,3397.7,7570.18,,,
ETHUSDT,MODERE,3001.49,3390.1899999999996,3390.1899999999996,7571.67,,,
ETHUSDT,MODERE,1571.62,1690.62,1828.62,5571.12,7062.0,7274.0,
ETHUSDT,MODERE,1711.86,1923.35,1996.36,5711.36,,,
ETHUSDT,MODERE,1811.52,2006.49,2290.16,5811.02,,,
ETHUSDT,MODERE,1837.44,1988.44,2329.9300000000003,5836.9400000000005,,,
ETHUSDT,MODERE,1864.18,1981.3300000000002,2058.17,5863.68,,,
ETHUSDT,MODERE,1862.11,1996.27,2073.1099999999997,5861.61,,,
ETHUSDT,MODERE,1920.91,2038.6000000000001,2181.91,5920.41,,,
ETHUSDT,MODERE,1985.15,2162.84,2222.3100000000004,5984.65,,,
ETHUSDT,MODERE,1996.84,2188.02,2247.49,5996.34,,,
ETHUSDT,MODERE,2011.51,2216.2,2275.67,6011.01,,,
ETHUSDT,MODERE,2100.66,2392.0699999999997,2477.0499999999997,6100.16,,,
ETHUSDT,MODERE,2076.32,2356.9300000000003,2461.17,6075.82,,,
ETHUSDT,MODERE,2078.0,2326.09,2462.85,6077.5,,,
ETHUSDT,MODERE,2079.37,2318.47,2458.2699999999995,6078.87,,,
ETHUSDT,MODERE,2117.91,2278.8999999999996,2496.8099999999995,6117.41,,,
ETHUSDT,MODERE,1918.35,2101.02,2282.42,5917.85,,,
ETHUSDT,MODERE,1918.92,2101.59,2282.99,5918.42,,,
ETHUSDT,MODERE,1902.94,2037.66,2212.8500000000004,5902.4400000000005,,,
ETHUSDT,MODERE,1895.75,2030.47,2096.94,5895.25,,,
ETHUSDT,MODERE,1859.72,1973.49,2196.98,4561.68,,,
ETHUSDT,MODERE,3017.22,3335.7,3756.31,5038.18,,,
ETHUSDT,MODERE,2969.65,3288.13,3654.42,4990.610000000001,,,
ETHUSDT,MODERE,2956.51,3132.6400000000003,3530.4700000000003,4977.47,9315.0,9356.0,
ETHUSDT,MODERE,2989.27,3165.4,3563.23,5010.23,9316.0,9357.0,
ETHUSDT,MODERE,3027.3,3214.6200000000003,3612.4500000000003,5048.26,9318.0,9358.0,
ETHUSDT,MODERE,3905.19,4647.55,4945.93,6558.15,,,
ETHUSDT,MODERE,3913.52,4662.95,4961.33,6566.48,,,
ETHUSDT,MODERE,3954.66,4709.639999999999,5008.02,6607.62,,,
ETHUSDT,MODERE,3926.3,4724.63,5023.01,6579.26,,,
ETHUSDT,MODERE,3928.91,4727.24,5025.62,6581.87,,,
ETHUSDT,MODERE,3920.23,4718.5599999999995,5016.9400000000005,6573.1900000000005,,,
ETHUSDT,MODERE,3908.16,4706.49,5004.33,6561.12,,,
ETHUSDT,MODERE,4013.37,4321.57,5028.57,7021.7,,,
ETHUSDT,MODERE,4038.52,4381.43,5073.04,7046.85,,,
ETHUSDT,MODERE,4030.07,4409.710000000001,5091.460000000001,7038.4,,,
ETHUSDT,MODERE,4053.74,4433.38,4999.4400000000005,7062.07,,,
ETHUSDT,MODERE,4004.12,4383.76,4949.82,7012.45,,,
ETHUSDT,MODERE,3997.38,4377.02,4943.08,7005.71,,,
ETHUSDT,MODERE,3959.22,4338.860000000001,4904.92,6967.549999999999,,,
ETHUSDT,MODERE,3584.48,4033.79,4628.120000000001,6678.120000000001,,,
ETHUSDT,MODERE,3637.91,4072.2599999999998,4681.55,6731.55,,,
ETHUSDT,MODERE,3589.65,4024.0,4633.290000000001,6683.290000000001,,,
ETHUSDT,MODERE,3588.89,4023.24,4625.54,6682.530000000001,,,
ETHUSDT,MODERE,3563.48,3817.52,4319.58,6657.120000000001,,,
ETHUSDT,MODERE,3630.18,3843.0,4319.719999999999,6723.82,,,
ETHUSDT,MODERE,3922.39,4350.73,5017.139999999999,6949.889999999999,,,
ETHUSDT,MODERE,3902.78,4337.85,5004.26,6930.280000000001,,,
ETHUSDT,MODERE,3966.12,4421.57,5087.98,6993.62,,,
ETHUSDT,MODERE,3752.82,4022.6800000000003,4871.110000000001,6780.32,,,
ETHUSDT,MODERE,3739.58,4014.88,4828.45,6767.08,,,
ETHUSDT,MODERE,3775.61,4050.9100000000003,4739.46,6803.110000000001,,,
ETHUSDT,MODERE,3790.39,4065.69,4752.08,6817.889999999999,,,
ETHUSDT,MODERE,3801.39,4073.77,4736.33,6828.889999999999,,,
ETHUSDT,MODERE,2705.19,2901.46,3145.75,5436.32,,,
ETHUSDT,MODERE,2644.66,2840.93,3085.22,5375.79,,,
ETHUSDT,MODERE,2621.79,2796.18,3062.35,5352.92,,,
ETHUSDT,MODERE,2475.35,2802.3399999999997,2888.14,5206.48,,,
ETHUSDT,MODERE,3156.49,3589.3799999999997,4249.49,5887.62,,,
ETHUSDT,MODERE,3197.38,3630.27,4290.38,5928.51,,,
ETHUSDT,MODERE,3133.36,3452.25,4226.360000000001,5864.49,,,
ETHUSDT,MODERE,3146.13,3465.02,4239.13,5877.26,,,
ETHUSDT,MODERE,3129.3,3355.5,4222.3,5860.43,,,
ETHUSDT,MODERE,3210.48,3436.68,4303.48,5941.610000000001,,,
ETHUSDT,MODERE,3101.79,3313.29,4150.5599999999995,5832.92,,,
ETHUSDT,MODERE,3131.98,3343.11,4180.75,5863.110000000001,,,
ETHUSDT,MODERE,3348.88,3748.37,3907.84,6080.01,,,
ETHUSDT,MODERE,3357.3,3756.79,3916.26,6088.43,,,
ETHUSDT,MODERE,3463.13,3931.57,4072.03,6194.26,,,
ETHUSDT,MODERE,3297.12,3765.56,3806.0499999999997,6028.25,,,
ETHUSDT,MODERE,3475.22,3976.6499999999996,3991.0399999999995,6206.35,,,
ETHUSDT,MODERE,3521.18,4032.6699999999996,4047.0599999999995,6252.3099999999995,,,
ETHUSDT,MODERE,3467.02,3983.6099999999997,4000.8199999999997,6198.15,,,
ETHUSDT,MODERE,3298.08,3587.5699999999997,3831.8799999999997,6029.21,,,
ETHUSDT,MODERE,3596.64,4030.45,4268.53,6327.77,,,
ETHUSDT,MODERE,3594.51,4028.32,4266.4,6325.64,,,
ETHUSDT,MODERE,3660.11,4093.92,4332.0,6391.24,,,
ETHUSDT,MODERE,3705.64,4181.45,4419.139999999999,6436.77,,,
ETHUSDT,MODERE,3869.74,4327.73,4681.219999999999,6475.72,,,
ETHUSDT,MODERE,3996.29,4540.28,4788.1,6602.27,,,
ETHUSDT,MODERE,4071.0,4647.219999999999,4895.04,6676.9800000000005,,,
ETHUSDT,MODERE,3786.76,4404.59,4625.4,6392.740000000001,,,
ETHUSDT,MODERE,3904.58,4458.27,4593.25,6510.56,,,
ETHUSDT,MODERE,3956.91,4510.6,4574.74,6562.89,,,
ETHUSDT,MODERE,3857.74,4369.68,4475.57,6463.72,,,
ETHUSDT,MODERE,4033.25,4320.87,4668.24,6639.2300000000005,,,
ETHUSDT,MODERE,2667.47,2944.17,3093.47,5393.459999999999,,,
ETHUSDT,MODERE,2686.84,2963.5400000000004,3112.84,5412.83,,,
ETHUSDT,MODERE,2616.61,2870.8100000000004,3038.2900000000004,5342.6,,,
ETHUSDT,MODERE,2680.4,2934.6000000000004,3102.0800000000004,5406.389999999999,,,
ETHUSDT,MODERE,2762.04,3093.32,3238.3,5488.03,,,
ETHUSDT,MODERE,2620.7,2931.58,3096.96,5346.69,,,
ETHUSDT,MODERE,2540.75,2840.77,2950.01,5266.74,,,
ETHUSDT,MODERE,3051.1,3511.47,3766.5699999999997,5777.09,,,
ETHUSDT,MODERE,3137.62,3379.2999999999997,3914.5699999999997,5863.61,12352.0,12485.0,
ETHUSDT,MODERE,3115.07,3366.11,3901.38,5841.0599999999995,12352.0,12484.0,
ETHUSDT,MODERE,3160.55,3431.75,3967.02,5886.54,12355.0,12489.0,
ETHUSDT,MODERE,4307.78,5085.78,5300.2699999999995,7255.7699999999995,,,
ETHUSDT,MODERE,4257.53,4981.75,5274.0199999999995,7205.5199999999995,,,
ETHUSDT,MODERE,4515.18,5185.18,5680.67,7463.17,,,
ETHUSDT,MODERE,4589.31,5352.610000000001,5875.8,7537.3,,,
ETHUSDT,MODERE,4645.4,5418.91,5948.509999999999,7593.389999999999,,,
ETHUSDT,MODERE,4632.63,5266.63,6073.12,7580.62,,,
ETHUSDT,MODERE,4449.48,5079.25,5889.969999999999,7397.469999999999,,,
ETHUSDT,MODERE,4703.61,5532.099999999999,5702.039999999999,8113.61,,,
ETHUSDT,MODERE,4749.17,5577.66,5688.25,8159.17,,,
ETHUSDT,MODERE,4777.25,5605.74,5660.719999999999,8187.25,,,
ETHUSDT,MODERE,4655.31,5302.9800000000005,5552.9800000000005,8228.98,,,
ETHUSDT,MODERE,4476.99,4769.5,5374.66,8050.66,,,
ETHUSDT,MODERE,4717.86,5210.86,5280.37,8291.529999999999,,,
ETHUSDT,MODERE,4178.8,4812.76,4945.92,7752.47,,,
ETHUSDT,MODERE,2496.01,2687.8900000000003,2707.2900000000004,6069.68,,,
ETHUSDT,MODERE,2487.97,2667.12,2699.25,6061.639999999999,,,
ETHUSDT,MODERE,2469.0,2648.15,2680.28,6042.67,,,
ETHUSDT,AGRESSIF,395.49,511.98,572.46,,,,
ETHUSDT,AGRESSIF,399.14,515.63,576.11,,,,
ETHUSDT,AGRESSIF,400.94,517.4300000000001,577.91,,,,
ETHUSDT,AGRESSIF,385.78,426.99999999999994,536.5699999999999,,,,
ETHUSDT,AGRESSIF,390.54,437.15000000000003,509.85,,,,
ETHUSDT,AGRESSIF,397.97,444.58000000000004,517.28,,,,
ETHUSDT,AGRESSIF,395.39,442.0,514.7,,,,
ETHUSDT,AGRESSIF,382.54,422.12000000000006,499.03000000000003,,,,
ETHUSDT,AGRESSIF,425.27,491.46999999999997,555.52,,,,
ETHUSDT,AGRESSIF,437.1,509.61,573.6600000000001,,,,
ETHUSDT,AGRESSIF,441.6,521.21,585.26,,,,
ETHUSDT,AGRESSIF,432.78,512.39,576.44,,,,
ETHUSDT,AGRESSIF,427.2,506.81,570.86,,,,
ETHUSDT,AGRESSIF,438.42,510.65000000000003,526.1500000000001,,,,
ETHUSDT,AGRESSIF,407.19,446.67,490.14,,,,
ETHUSDT,AGRESSIF,403.84,443.32,486.78999999999996,,,,
ETHUSDT,AGRESSIF,439.74,537.25,558.9200000000001,,,,
ETHUSDT,AGRESSIF,436.94,530.53,556.12,,,,
ETHUSDT,AGRESSIF,463.53,509.57,563.27,,,,
ETHUSDT,AGRESSIF,469.17,522.36,576.06,,,,
ETHUSDT,AGRESSIF,461.61,514.8,568.5,,,,
ETHUSDT,AGRESSIF,462.69,507.25,569.5799999999999,,,,
ETHUSDT,AGRESSIF,464.3,507.43,571.19,,,,
ETHUSDT,AGRESSIF,464.55,507.68,571.44,,,,
ETHUSDT,AGRESSIF,469.75,512.88,576.64,,,,
ETHUSDT,AGRESSIF,473.97,517.1,580.86,,,,
ETHUSDT,AGRESSIF,492.05,548.95,593.1600000000001,,2165.0,2175.0,
ETHUSDT,AGRESSIF,506.2,575.8,615.55,,,,
ETHUSDT,AGRESSIF,505.25,576.66,609.63,,,,
ETHUSDT,AGRESSIF,569.79,691.6399999999999,754.3399999999999,,,,
ETHUSDT,AGRESSIF,533.67,678.1999999999999,718.2199999999999,,,,
ETHUSDT,AGRESSIF,541.46,685.99,726.01,,,,
ETHUSDT,AGRESSIF,551.47,686.35,736.02,,,,
ETHUSDT,AGRESSIF,585.92,730.78,769.5799999999999,,,,
ETHUSDT,AGRESSIF,599.07,730.73,774.23,,,,
ETHUSDT,AGRESSIF,614.8,737.16,789.9599999999999,,,,
ETHUSDT,AGRESSIF,619.69,727.85,793.2,,,,
ETHUSDT,AGRESSIF,604.69,702.5500000000001,778.2,,,,
ETHUSDT,AGRESSIF,587.05,676.7499999999999,756.7099999999999,,,,
ETHUSDT,AGRESSIF,594.95,675.61,753.49,,,,
ETHUSDT,AGRESSIF,596.98,677.64,755.52,,,,
ETHUSDT,AGRESSIF,597.48,678.14,756.02,,,,
ETHUSDT,AGRESSIF,557.81,634.7399999999999,716.3499999999999,,,,
ETHUSDT,AGRESSIF,568.87,633.62,703.03,,,,
ETHUSDT,AGRESSIF,579.3,637.8,710.9599999999999,,,,
ETHUSDT,AGRESSIF,585.66,644.66,693.8199999999999,,,,
ETHUSDT,AGRESSIF,591.85,656.32,700.01,,,,
ETHUSDT,AGRESSIF,620.61,705.5799999999999,717.78,,,,
ETHUSDT,AGRESSIF,623.16,710.03,722.37,,,,
ETHUSDT,AGRESSIF,637.79,734.92,747.26,,,,
ETHUSDT,AGRESSIF,638.3,740.93,785.5,,,,
ETHUSDT,AGRESSIF,651.91,754.07,799.11,,,,
ETHUSDT,AGRESSIF,625.17,727.24,767.07,,,,
ETHUSDT,AGRESSIF,637.89,745.4000000000001,772.75,,,,
ETHUSDT,AGRESSIF,650.95,761.7300000000001,782.3400000000001,,,,
ETHUSDT,AGRESSIF,699.89,854.2700000000001,854.2700000000001,,,,
ETHUSDT,AGRESSIF,729.97,926.7600000000001,926.7600000000001,,,,
ETHUSDT,AGRESSIF,745.2,947.8900000000001,947.8900000000001,,,,
ETHUSDT,AGRESSIF,753.05,898.7099999999999,967.0,,,,
ETHUSDT,AGRESSIF,750.77,896.43,964.72,,,,
ETHUSDT,AGRESSIF,769.57,854.28,997.57,,,,
ETHUSDT,AGRESSIF,800.99,902.7700000000001,1061.6200000000001,,2421.0,2433.0,
ETHUSDT,AGRESSIF,830.97,959.3100000000001,1118.16,,,,
ETHUSDT,AGRESSIF,919.97,1140.93,1299.7800000000002,,,,
ETHUSDT,AGRESSIF,1162.33,1661.1599999999999,1829.95,,,,
ETHUSDT,AGRESSIF,1218.21,1724.96,1901.4,,,,
ETHUSDT,AGRESSIF,1253.98,1756.43,1964.3100000000002,,,,
ETHUSDT,AGRESSIF,1279.96,1619.73,1978.8600000000001,,,,
ETHUSDT,AGRESSIF,1314.52,1687.43,2046.56,,,,
ETHUSDT,AGRESSIF,1347.58,1696.1,2083.18,,,,
ETHUSDT,AGRESSIF,1103.64,1543.1000000000001,1743.7500000000002,,,,
ETHUSDT,AGRESSIF,1232.07,1671.53,1872.18,,,,
ETHUSDT,AGRESSIF,1221.38,1660.8400000000001,1861.4900000000002,,,,
ETHUSDT,AGRESSIF,1221.53,1566.33,1861.64,,,,
ETHUSDT,AGRESSIF,1282.46,1651.07,1922.5700000000002,,,,
ETHUSDT,AGRESSIF,1254.48,1591.17,1893.54,,,,
ETHUSDT,AGRESSIF,1220.7,1471.95,1782.91,,,,
ETHUSDT,AGRESSIF,1241.96,1476.5,1706.6200000000001,,,,
ETHUSDT,AGRESSIF,1263.0,1489.79,1727.66,,,,
ETHUSDT,AGRESSIF,1325.85,1605.85,1790.51,,,,
ETHUSDT,AGRESSIF,1382.61,1705.01,1885.01,,,,
ETHUSDT,AGRESSIF,1294.62,1697.5399999999997,1823.4699999999998,,,,
ETHUSDT,AGRESSIF,1317.6,1720.5199999999998,1846.4499999999998,,,,
ETHUSDT,AGRESSIF,1345.0,1747.9199999999998,1873.85,,,,
ETHUSDT,AGRESSIF,1318.46,1758.79,1884.72,,,,
ETHUSDT,AGRESSIF,1349.94,1625.4,1790.27,,,,
ETHUSDT,AGRESSIF,1382.14,1657.6000000000001,1822.47,,,,
ETHUSDT,AGRESSIF,1374.07,1611.07,1814.3999999999999,,,,
ETHUSDT,AGRESSIF,1380.42,1617.42,1820.75,,,,
ETHUSDT,AGRESSIF,1428.4,1626.3000000000002,1868.73,,2609.0,2663.0,
ETHUSDT,AGRESSIF,1521.19,1774.78,2003.6499999999999,,,,
ETHUSDT,AGRESSIF,1516.2,1797.7,2026.57,,,,
ETHUSDT,AGRESSIF,1627.17,1983.3600000000001,2197.36,,,,
ETHUSDT,AGRESSIF,1767.01,2124.5299999999997,2409.01,,,,
ETHUSDT,AGRESSIF,1794.55,2152.0699999999997,2425.27,,,,
ETHUSDT,AGRESSIF,3054.37,3552.05,4075.3900000000003,,,,
ETHUSDT,AGRESSIF,3148.72,3718.31,4258.82,,,,
ETHUSDT,AGRESSIF,3155.72,3703.9399999999996,4315.299999999999,,,,
ETHUSDT,AGRESSIF,3319.97,4096.110000000001,4727.35,,,,
ETHUSDT,AGRESSIF,3483.95,4292.29,4923.53,,,,
ETHUSDT,AGRESSIF,3415.49,4261.469999999999,4892.709999999999,,,,
ETHUSDT,AGRESSIF,3302.06,4104.82,4774.53,,,,
ETHUSDT,AGRESSIF,3358.89,4161.65,4778.53,,,,
ETHUSDT,AGRESSIF,3483.58,4275.19,4903.219999999999,,,,
ETHUSDT,AGRESSIF,3531.34,4243.08,4974.08,,,,
ETHUSDT,AGRESSIF,3556.19,4285.49,5032.1900000000005,,,,
ETHUSDT,AGRESSIF,3564.94,4259.9400000000005,5070.9400000000005,,,,
ETHUSDT,AGRESSIF,3537.21,4116.24,5043.21,,3183.0,,
ETHUSDT,AGRESSIF,3531.71,4055.25,5037.71,,3180.0,,
ETHUSDT,AGRESSIF,3543.75,4067.29,5003.17,,3181.0,,
ETHUSDT,AGRESSIF,3163.43,3832.1,4209.1,,,,
ETHUSDT,AGRESSIF,3161.49,3680.31,4235.26,,,,
ETHUSDT,AGRESSIF,3234.68,3773.46,4301.77,,,,
ETHUSDT,AGRESSIF,3245.99,3687.23,4325.73,,,,
ETHUSDT,AGRESSIF,3214.72,3604.47,4252.3,,,,
ETHUSDT,AGRESSIF,3030.2,3419.95,4059.98,,,,
ETHUSDT,AGRESSIF,3117.46,3507.21,4127.24,,,,
ETHUSDT,AGRESSIF,3266.31,3623.2999999999997,4182.539999999999,,,,
ETHUSDT,AGRESSIF,3249.0,3605.99,4165.23,,,,
ETHUSDT,AGRESSIF,3264.39,3626.39,4166.389999999999,7559.34,,,
ETHUSDT,AGRESSIF,3149.61,3542.61,3965.61,7444.560000000001,,,
ETHUSDT,AGRESSIF,3253.42,3646.42,3876.11,7548.370000000001,,,
ETHUSDT,AGRESSIF,3347.77,3754.22,3822.99,7642.720000000001,,,
ETHUSDT,AGRESSIF,3971.51,4865.57,4985.82,8266.460000000001,,,
ETHUSDT,AGRESSIF,3929.18,4625.62,4913.62,8224.130000000001,,,
ETHUSDT,AGRESSIF,3438.0,4292.41,4551.4400000000005,7732.950000000001,,,
ETHUSDT,AGRESSIF,3407.15,3834.2900000000004,4520.59,7702.1,,,
ETHUSDT,AGRESSIF,3258.29,3685.4300000000003,4371.73,7553.240000000001,,,
ETHUSDT,AGRESSIF,4190.06,4804.74,5099.39,8485.010000000002,,,
ETHUSDT,AGRESSIF,4218.71,4973.99,5240.31,8513.66,,,
ETHUSDT,AGRESSIF,4170.5,4825.17,5192.1,8465.45,,,
ETHUSDT,AGRESSIF,4153.57,4696.700000000001,5175.17,8458.94,,,
ETHUSDT,AGRESSIF,4216.4,4718.0,5238.0,8521.77,,,
ETHUSDT,AGRESSIF,4154.37,4585.62,5131.68,8459.740000000002,,,
ETHUSDT,AGRESSIF,4373.52,4953.660000000001,5207.09,8678.890000000001,,,
ETHUSDT,AGRESSIF,4209.95,4790.09,5043.52,8515.32,,,
ETHUSDT,AGRESSIF,4593.17,5053.13,5463.200000000001,8976.830000000002,,,
ETHUSDT,AGRESSIF,4640.25,5191.88,5630.04,9232.02,,,
ETHUSDT,AGRESSIF,4693.67,5245.3,5683.46,9285.44,,,
ETHUSDT,AGRESSIF,4645.06,5072.6,5377.6,9236.830000000002,,,
ETHUSDT,AGRESSIF,4281.05,5094.92,5200.63,9074.36,,,
ETHUSDT,AGRESSIF,4367.9,4845.95,5287.48,9161.21,,,
ETHUSDT,AGRESSIF,4318.62,4735.280000000001,5238.2,9111.93,,,
ETHUSDT,AGRESSIF,4308.18,4955.47,5169.01,9101.490000000002,,,
ETHUSDT,AGRESSIF,4337.36,4984.65,5198.19,9130.67,,,
ETHUSDT,AGRESSIF,4445.09,5092.38,5305.92,9238.400000000001,,,
ETHUSDT,AGRESSIF,4595.62,5308.28,5456.45,9388.93,,,
ETHUSDT,AGRESSIF,4728.44,5553.049999999999,5600.629999999999,9521.75,,,
ETHUSDT,AGRESSIF,4358.35,5461.17,5753.389999999999,9135.78,,,
ETHUSDT,AGRESSIF,4002.61,4662.57,5397.65,8780.04,,,
ETHUSDT,AGRESSIF,3483.18,3799.17,4229.8099999999995,8133.83,,,
ETHUSDT,AGRESSIF,3459.97,3782.91,4175.48,8110.619999999999,,,
ETHUSDT,AGRESSIF,3498.24,3821.18,4213.75,8148.889999999999,,,
ETHUSDT,AGRESSIF,3486.32,3809.26,4201.83,8136.969999999999,,,
ETHUSDT,AGRESSIF,3520.65,3890.59,4283.16,8171.299999999999,,,
ETHUSDT,AGRESSIF,3100.43,3353.99,3779.5499999999997,7675.969999999999,,,
ETHUSDT,AGRESSIF,3000.0,3388.7,3397.7,7570.18,,,
ETHUSDT,AGRESSIF,3001.49,3390.1899999999996,3390.1899999999996,7571.67,,,
ETHUSDT,AGRESSIF,1571.62,1690.62,1828.62,5571.12,7062.0,7274.0,
ETHUSDT,AGRESSIF,1711.86,1923.35,1996.36,5711.36,,,
ETHUSDT,AGRESSIF,1811.52,2006.49,2290.16,5811.02,,,
ETHUSDT,AGRESSIF,1837.44,1988.44,2329.9300000000003,5836.9400000000005,,,
ETHUSDT,AGRESSIF,1864.18,1981.3300000000002,2058.17,5863.68,,,
ETHUSDT,AGRESSIF,1862.11,1996.27,2073.1099999999997,5861.61,,,
ETHUSDT,AGRESSIF,1920.91,2038.6000000000001,2181.91,5920.41,,,
ETHUSDT,AGRESSIF,1985.15,2162.84,2222.3100000000004,5984.65,,,
ETHUSDT,AGRESSIF,1996.84,2188.02,2247.49,5996.34,,,
ETHUSDT,AGRESSIF,2011.51,2216.2,2275.67,6011.01,,,
ETHUSDT,AGRESSIF,2100.66,2392.0699999999997,2477.0499999999997,6100.16,,,
ETHUSDT,AGRESSIF,2076.32,2356.9300000000003,2461.17,6075.82,,,
ETHUSDT,AGRESSIF,2078.0,2326.09,2462.85,6077.5,,,
ETHUSDT,AGRESSIF,2079.37,2318.47,2458.2699999999995,6078.87,,,
ETHUSDT,AGRESSIF,2117.91,2278.8999999999996,2496.8099999999995,6117.41,,,
ETHUSDT,AGRESSIF,1918.35,2101.02,2282.42,5917.85,,,
ETHUSDT,AGRESSIF,1918.92,2101.59,2282.99,5918.42,,,
ETHUSDT,AGRESSIF,1902.94,2037.66,2212.8500000000004,5902.4400000000005,,,
ETHUSDT,AGRESSIF,1895.75,2030.47,2096.94,5895.25,,,
ETHUSDT,AGRESSIF,1859.72,1973.49,2196.98,4561.68,,,
ETHUSDT,AGRESSIF,3017.22,3335.7,3756.31,5038.18,,,
ETHUSDT,AGRESSIF,2969.65,3288.13,3654.42,4990.610000000001,,,
ETHUSDT,AGRESSIF,2956.51,3132.6400000000003,3530.4700000000003,4977.47,9315.0,9356.0,
ETHUSDT,AGRESSIF,2989.27,3165.4,3563.23,5010.23,9316.0,9357.0,
ETHUSDT,AGRESSIF,3027.3,3214.6200000000003,3612.4500000000003,5048.26,9318.0,9358.0,
ETHUSDT,AGRESSIF,3905.19,4647.55,4945.93,6558.15,,,
ETHUSDT,AGRESSIF,3913.52,4662.95,4961.33,6566.48,,,
ETHUSDT,AGRESSIF,3954.66,4709.639999999999,5008.02,6607.62,,,
ETHUSDT,AGRESSIF,3926.3,4724.63,5023.01,6579.26,,,
ETHUSDT,AGRESSIF,3928.91,4727.24,5025.62,6581.87,,,
ETHUSDT,AGRESSIF,3920.23,4718.5599999999995,5016.9400000000005,6573.1900000000005,,,
ETHUSDT,AGRESSIF,3908.16,4706.49,5004.33,6561.12,,,
ETHUSDT,AGRESSIF,4013.37,4321.57,5028.57,7021.7,,,
ETHUSDT,AGRESSIF,4038.52,4381.43,5073.04,7046.85,,,
ETHUSDT,AGRESSIF,4030.07,4409.710000000001,5091.460000000001,7038.4,,,
ETHUSDT,AGRESSIF,4053.74,4433.38,4999.4400000000005,7062.07,,,
ETHUSDT,AGRESSIF,4004.12,4383.76,4949.82,7012.45,,,
ETHUSDT,AGRESSIF,3997.38,4377.02,4943.08,7005.71,,,
ETHUSDT,AGRESSIF,3959.22,4338.860000000001,4904.92,6967.549999999999,,,
ETHUSDT,AGRESSIF,3584.48,4033.79,4628.120000000001,6678.120000000001,,,
ETHUSDT,AGRESSIF,3637.91,4072.2599999999998,4681.55,6731.55,,,
ETHUSDT,AGRESSIF,3589.65,4024.0,4633.290000000001,6683.290000000001,,,
ETHUSDT,AGRESSIF,3588.89,4023.24,4625.54,6682.530000000001,,,
ETHUSDT,AGRESSIF,3563.48,3817.52,4319.58,6657.120000000001,,,
ETHUSDT,AGRESSIF,3630.18,3843.0,4319.719999999999,6723.82,,,
ETHUSDT,AGRESSIF,3922.39,4350.73,5017.139999999999,6949.889999999999,,,
ETHUSDT,AGRESSIF,3902.78,4337.85,5004.26,6930.280000000001,,,
ETHUSDT,AGRESSIF,3966.12,4421.57,5087.98,6993.62,,,
ETHUSDT,AGRESSIF,3752.82,4022.6800000000003,4871.110000000001,6780.32,,,
ETHUSDT,AGRESSIF,3739.58,4014.88,4828.45,6767.08,,,
ETHUSDT,AGRESSIF,3775.61,4050.9100000000003,4739.46,6803.110000000001,,,
ETHUSDT,AGRESSIF,3790.39,4065.69,4752.08,6817.889999999999,,,
ETHUSDT,AGRESSIF,3801.39,4073.77,4736.33,6828.889999999999,,,
ETHUSDT,AGRESSIF,2705.19,2901.46,3145.75,5436.32,,,
ETHUSDT,AGRESSIF,2644.66,2840.93,3085.22,5375.79,,,
ETHUSDT,AGRESSIF,2621.79,2796.18,3062.35,5352.92,,,
ETHUSDT,AGRESSIF,2475.35,2802.3399999999997,2888.14,5206.48,,,
ETHUSDT,AGRESSIF,3156.49,3589.3799999999997,4249.49,5887.62,,,
ETHUSDT,AGRESSIF,3197.38,3630.27,4290.38,5928.51,,,
ETHUSDT,AGRESSIF,3133.36,3452.25,4226.360000000001,5864.49,,,
ETHUSDT,AGRESSIF,3146.13,3465.02,4239.13,5877.26,,,
ETHUSDT,AGRESSIF,3129.3,3355.5,4222.3,5860.43,,,
ETHUSDT,AGRESSIF,3210.48,3436.68,4303.48,5941.610000000001,,,
ETHUSDT,AGRESSIF,3101.79,3313.29,4150.5599999999995,5832.92,,,
ETHUSDT,AGRESSIF,3131.98,3343.11,4180.75,5863.110000000001,,,
ETHUSDT,AGRESSIF,3348.88,3748.37,3907.84,6080.01,,,
ETHUSDT,AGRESSIF,3357.3,3756.79,3916.26,6088.43,,,
ETHUSDT,AGRESSIF,3463.13,3931.57,4072.03,6194.26,,,
ETHUSDT,AGRESSIF,3297.12,3765.56,3806.0499999999997,6028.25,,,
ETHUSDT,AGRESSIF,3475.22,3976.6499999999996,3991.0399999999995,6206.35,,,
ETHUSDT,AGRESSIF,3521.18,4032.6699999999996,4047.0599999999995,6252.3099999999995,,,
ETHUSDT,AGRESSIF,3467.02,3983.6099999999997,4000.8199999999997,6198.15,,,
ETHUSDT,AGRESSIF,3298.08,3587.5699999999997,3831.8799999999997,6029.21,,,
ETHUSDT,AGRESSIF,3596.64,4030.45,4268.53,6327.77,,,
ETHUSDT,AGRESSIF,3594.51,4028.32,4266.4,6325.64,,,
ETHUSDT,AGRESSIF,3660.11,4093.92,4332.0,6391.24,,,
ETHUSDT,AGRESSIF,3705.64,4181.45,4419.139999999999,6436.77,,,
ETHUSDT,AGRESSIF,3869.74,4327.73,4681.219999999999,6475.72,,,
ETHUSDT,AGRESSIF,3996.29,4540.28,4788.1,6602.27,,,
ETHUSDT,AGRESSIF,4071.0,4647.219999999999,4895.04,6676.9800000000005,,,
ETHUSDT,AGRESSIF,3786.76,4404.59,4625.4,6392.740000000001,,,
ETHUSDT,AGRESSIF,3904.58,4458.27,4593.25,6510.56,,,
ETHUSDT,AGRESSIF,3956.91,4510.6,4574.74,6562.89,,,
ETHUSDT,AGRESSIF,3857.74,4369.68,4475.57,6463.72,,,
ETHUSDT,AGRESSIF,4033.25,4320.87,4668.24,6639.2300000000005,,,
ETHUSDT,AGRESSIF,2667.47,2944.17,3093.47,5393.459999999999,,,
ETHUSDT,AGRESSIF,2686.84,2963.5400000000004,3112.84,5412.83,,,
ETHUSDT,AGRESSIF,2616.61,2870.8100000000004,3038.2900000000004,5342.6,,,
ETHUSDT,AGRESSIF,2680.4,2934.6000000000004,3102.0800000000004,5406.389999999999,,,
ETHUSDT,AGRESSIF,2762.04,3093.32,3238.3,5488.03,,,
ETHUSDT,AGRESSIF,2620.7,2931.58,3096.96,5346.69,,,
ETHUSDT,AGRESSIF,2540.75,2840.77,2950.01,5266.74,,,
ETHUSDT,AGRESSIF,3051.1,3511.47,3766.5699999999997,5777.09,,,
ETHUSDT,AGRESSIF,3137.62,3379.2999999999997,3914.5699999999997,5863.61,12352.0,12485.0,
ETHUSDT,AGRESSIF,3115.07,3366.11,3901.38,5841.0599999999995,12352.0,12484.0,
ETHUSDT,AGRESSIF,3160.55,3431.75,3967.02,5886.54,12355.0,12489.0,
ETHUSDT,AGRESSIF,4307.78,5085.78,5300.2699999999995,7255.7699999999995,,,
ETHUSDT,AGRESSIF,4257.53,4981.75,5274.0199999999995,7205.5199999999995,,,
ETHUSDT,AGRESSIF,4515.18,5185.18,5680.67,7463.17,,,
ETHUSDT,AGRESSIF,4589.31,5352.610000000001,5875.8,7537.3,,,
ETHUSDT,AGRESSIF,4645.4,5418.91,5948.509999999999,7593.389999999999,,,
ETHUSDT,AGRESSIF,4632.63,5266.63,6073.12,7580.62,,,
ETHUSDT,AGRESSIF,4449.48,5079.25,5889.969999999999,7397.469999999999,,,
ETHUSDT,AGRESSIF,4703.61,5532.099999999999,5702.039999999999,8113.61,,,
ETHUSDT,AGRESSIF,4749.17,5577.66,5688.25,8159.17,,,
ETHUSDT,AGRESSIF,4777.25,5605.74,5660.719999999999,8187.25,,,
ETHUSDT,AGRESSIF,4655.31,5302.9800000000005,5552.9800000000005,8228.98,,,
ETHUSDT,AGRESSIF,4476.99,4769.5,5374.66,8050.66,,,
ETHUSDT,AGRESSIF,4717.86,5210.86,5280.37,8291.529999999999,,,
ETHUSDT,AGRESSIF,4178.8,4812.76,4945.92,7752.47,,,
ETHUSDT,AGRESSIF,2496.01,2687.8900000000003,2707.2900000000004,6069.68,,,
ETHUSDT,AGRESSIF,2487.97,2667.12,2699.25,6061.639999999999,,,
ETHUSDT,AGRESSIF,2469.0,2648.15,2680.28,6042.67,,,
ETHUSDT,TRES_AGRESSIF,395.49,511.98,572.46,,,,
ETHUSDT,TRES_AGRESSIF,399.14,515.63,576.11,,,,
ETHUSDT,TRES_AGRESSIF,400.94,517.4300000000001,577.91,,,,
ETHUSDT,TRES_AGRESSIF,385.78,426.99999999999994,536.5699999999999,,,,
ETHUSDT,TRES_AGRESSIF,390.54,437.15000000000003,509.85,,,,
ETHUSDT,TRES_AGRESSIF,397.97,444.58000000000004,517.28,,,,
ETHUSDT,TRES_AGRESSIF,395.39,442.0,514.7,,,,
ETHUSDT,TRES_AGRESSIF,382.54,422.12000000000006,499.03000000000003,,,,
ETHUSDT,TRES_AGRESSIF,425.27,491.46999999999997,555.52,,,,
ETHUSDT,TRES_AGRESSIF,437.1,509.61,573.6600000000001,,,,
ETHUSDT,TRES_AGRESSIF,441.6,521.21,585.26,,,,
ETHUSDT,TRES_AGRESSIF,432.78,512.39,576.44,,,,
ETHUSDT,TRES_AGRESSIF,427.2,506.81,570.86,,,,
ETHUSDT,TRES_AGRESSIF,438.42,510.65000000000003,526.1500000000001,,,,
ETHUSDT,TRES_AGRESSIF,407.19,446.67,490.14,,,,
ETHUSDT,TRES_AGRESSIF,403.84,443.32,486.78999999999996,,,,
ETHUSDT,TRES_AGRESSIF,439.74,537.25,558.9200000000001,,,,
ETHUSDT,TRES_AGRESSIF,436.94,530.53,556.12,,,,
ETHUSDT,TRES_AGRESSIF,463.53,509.57,563.27,,,,
ETHUSDT,TRES_AGRESSIF,469.17,522.36,576.06,,,,
ETHUSDT,TRES_AGRESSIF,461.61,514.8,568.5,,,,
ETHUSDT,TRES_AGRESSIF,462.69,507.25,569.5799999999999,,,,
ETHUSDT,TRES_AGRESSIF,464.3,507.43,571.19,,,,
ETHUSDT,TRES_AGRESSIF,464.55,507.68,571.44,,,,
ETHUSDT,TRES_AGRESSIF,469.75,512.88,576.64,,,,
ETHUSDT,TRES_AGRESSIF,473.97,517.1,580.86,,,,
ETHUSDT,TRES_AGRESSIF,492.05,548.95,593.1600000000001,,2165.0,2175.0,
ETHUSDT,TRES_AGRESSIF,506.2,575.8,615.55,,,,
ETHUSDT,TRES_AGRESSIF,505.25,576.66,609.63,,,,
ETHUSDT,TRES_AGRESSIF,569.79,691.6399999999999,754.3399999999999,,,,
ETHUSDT,TRES_AGRESSIF,533.67,678.1999999999999,718.2199999999999,,,,
ETHUSDT,TRES_AGRESSIF,541.46,685.99,726.01,,,,
ETHUSDT,TRES_AGRESSIF,551.47,686.35,736.02,,,,
ETHUSDT,TRES_AGRESSIF,585.92,730.78,769.5799999999999,,,,
ETHUSDT,TRES_AGRESSIF,599.07,730.73,774.23,,,,
ETHUSDT,TRES_AGRESSIF,614.8,737.16,789.9599999999999,,,,
ETHUSDT,TRES_AGRESSIF,619.69,727.85,793.2,,,,
ETHUSDT,TRES_AGRESSIF,604.69,702.5500000000001,778.2,,,,
ETHUSDT,TRES_AGRESSIF,587.05,676.7499999999999,756.7099999999999,,,,
ETHUSDT,TRES_AGRESSIF,594.95,675.61,753.49,,,,
ETHUSDT,TRES_AGRESSIF,596.98,677.64,755.52,,,,
ETHUSDT,TRES_AGRESSIF,597.48,678.14,756.02,,,,
ETHUSDT,TRES_AGRESSIF,557.81,634.7399999999999,716.3499999999999,,,,
ETHUSDT,TRES_AGRESSIF,568.87,633.62,703.03,,,,
ETHUSDT,TRES_AGRESSIF,579.3,637.8,710.9599999999999,,,,
ETHUSDT,TRES_AGRESSIF,585.66,644.66,693.8199999999999,,,,
ETHUSDT,TRES_AGRESSIF,591.85,656.32,700.01,,,,
ETHUSDT,TRES_AGRESSIF,620.61,705.5799999999999,717.78,,,,
ETHUSDT,TRES_AGRESSIF,623.16,710.03,722.37,,,,
ETHUSDT,TRES_AGRESSIF,637.79,734.92,747.26,,,,
ETHUSDT,TRES_AGRESSIF,638.3,740.93,785.5,,,,
ETHUSDT,TRES_AGRESSIF,651.91,754.07,799.11,,,,
ETHUSDT,TRES_AGRESSIF,625.17,727.24,767.07,,,,
ETHUSDT,TRES_AGRESSIF,637.89,745.4000000000001,772.75,,,,
ETHUSDT,TRES_AGRESSIF,650.95,761.7300000000001,782.3400000000001,,,,
ETHUSDT,TRES_AGRESSIF,699.89,854.2700000000001,854.2700000000001,,,,
ETHUSDT,TRES_AGRESSIF,729.97,926.7600000000001,926.7600000000001,,,,
ETHUSDT,TRES_AGRESSIF,745.2,947.8900000000001,947.8900000000001,,,,
ETHUSDT,TRES_AGRESSIF,753.05,898.7099999999999,967.0,,,,
ETHUSDT,TRES_AGRESSIF,750.77,896.43,964.72,,,,
ETHUSDT,TRES_AGRESSIF,769.57,854.28,997.57,,,,
ETHUSDT,TRES_AGRESSIF,800.99,902.7700000000001,1061.6200000000001,,2421.0,2433.0,
ETHUSDT,TRES_AGRESSIF,830.97,959.3100000000001,1118.16,,,,
ETHUSDT,TRES_AGRESSIF,919.97,1140.93,1299.7800000000002,,,,
ETHUSDT,TRES_AGRESSIF,1162.33,1661.1599999999999,1829.95,,,,
ETHUSDT,TRES_AGRESSIF,1218.21,1724.96,1901.4,,,,
ETHUSDT,TRES_AGRESSIF,1253.98,1756.43,1964.3100000000002,,,,
ETHUSDT,TRES_AGRESSIF,1279.96,1619.73,1978.8600000000001,,,,
ETHUSDT,TRES_AGRESSIF,1314.52,1687.43,2046.56,,,,
ETHUSDT,TRES_AGRESSIF,1347.58,1696.1,2083.18,,,,
ETHUSDT,TRES_AGRESSIF,1103.64,1543.1000000000001,1743.7500000000002,,,,
ETHUSDT,TRES_AGRESSIF,1232.07,1671.53,1872.18,,,,
ETHUSDT,TRES_AGRESSIF,1221.38,1660.8400000000001,1861.4900000000002,,,,
ETHUSDT,TRES_AGRESSIF,1221.53,1566.33,1861.64,,,,
ETHUSDT,TRES_AGRESSIF,1282.46,1651.07,1922.5700000000002,,,,
ETHUSDT,TRES_AGRESSIF,1254.48,1591.17,1893.54,,,,
ETHUSDT,TRES_AGRESSIF,1220.7,1471.95,1782.91,,,,
ETHUSDT,TRES_AGRESSIF,1241.96,1476.5,1706.6200000000001,,,,
ETHUSDT,TRES_AGRESSIF,1263.0,1489.79,1727.66,,,,
ETHUSDT,TRES_AGRESSIF,1325.85,1605.85,1790.51,,,,
ETHUSDT,TRES_AGRESSIF,1382.61,1705.01,1885.01,,,,
ETHUSDT,TRES_AGRESSIF,1294.62,1697.5399999999997,1823.4699999999998,,,,
ETHUSDT,TRES_AGRESSIF,1317.6,1720.5199999999998,1846.4499999999998,,,,
ETHUSDT,TRES_AGRESSIF,1345.0,1747.9199999999998,1873.85,,,,
ETHUSDT,TRES_AGRESSIF,1318.46,1758.79,1884.72,,,,
ETHUSDT,TRES_AGRESSIF,1349.94,1625.4,1790.27,,,,
ETHUSDT,TRES_AGRESSIF,1382.14,1657.6000000000001,1822.47,,,,
ETHUSDT,TRES_AGRESSIF,1374.07,1611.07,1814.3999999999999,,,,
ETHUSDT,TRES_AGRESSIF,1380.42,1617.42,1820.75,,,,
ETHUSDT,TRES_AGRESSIF,1428.4,1626.3000000000002,1868.73,,2609.0,2663.0,
ETHUSDT,TRES_AGRESSIF,1521.19,1774.78,2003.6499999999999,,,,
ETHUSDT,TRES_AGRESSIF,1516.2,1797.7,2026.57,,,,
ETHUSDT,TRES_AGRESSIF,1627.17,1983.3600000000001,2197.36,,,,
ETHUSDT,TRES_AGRESSIF,1767.01,2124.5299999999997,2409.01,,,,
ETHUSDT,TRES_AGRESSIF,1794.55,2152.0699999999997,2425.27,,,,
ETHUSDT,TRES_AGRESSIF,3054.37,3552.05,4075.3900000000003,,,,
ETHUSDT,TRES_AGRESSIF,3148.72,3718.31,4258.82,,,,
ETHUSDT,TRES_AGRESSIF,3155.72,3703.9399999999996,4315.299999999999,,,,
ETHUSDT,TRES_AGRESSIF,3319.97,4096.110000000001,4727.35,,,,
ETHUSDT,TRES_AGRESSIF,3483.95,4292.29,4923.53,,,,
ETHUSDT,TRES_AGRESSIF,3415.49,4261.469999999999,4892.709999999999,,,,
ETHUSDT,TRES_AGRESSIF,3302.06,4104.82,4774.53,,,,
ETHUSDT,TRES_AGRESSIF,3358.89,4161.65,4778.53,,,,
ETHUSDT,TRES_AGRESSIF,3483.58,4275.19,4903.219999999999,,,,
ETHUSDT,TRES_AGRESSIF,3531.34,4243.08,4974.08,,,,
ETHUSDT,TRES_AGRESSIF,3556.19,4285.49,5032.1900000000005,,,,
ETHUSDT,TRES_AGRESSIF,3564.94,4259.9400000000005,5070.9400000000005,,,,
ETHUSDT,TRES_AGRESSIF,3537.21,4116.24,5043.21,,3183.0,,
ETHUSDT,TRES_AGRESSIF,3531.71,4055.25,5037.71,,3180.0,,
ETHUSDT,TRES_AGRESSIF,3543.75,4067.29,5003.17,,3181.0,,
ETHUSDT,TRES_AGRESSIF,3163.43,3832.1,4209.1,,,,
ETHUSDT,TRES_AGRESSIF,3161.49,3680.31,4235.26,,,,
ETHUSDT,TRES_AGRESSIF,3234.68,3773.46,4301.77,,,,
ETHUSDT,TRES_AGRESSIF,3245.99,3687.23,4325.73,,,,
ETHUSDT,TRES_AGRESSIF,3214.72,3604.47,4252.3,,,,
ETHUSDT,TRES_AGRESSIF,3030.2,3419.95,4059.98,,,,
ETHUSDT,TRES_AGRESSIF,3117.46,3507.21,4127.24,,,,
ETHUSDT,TRES_AGRESSIF,3266.31,3623.2999999999997,4182.539999999999,,,,
ETHUSDT,TRES_AGRESSIF,3249.0,3605.99,4165.23,,,,
ETHUSDT,TRES_AGRESSIF,3264.39,3626.39,4166.389999999999,7559.34,,,
ETHUSDT,TRES_AGRESSIF,3149.61,3542.61,3965.61,7444.560000000001,,,
ETHUSDT,TRES_AGRESSIF,3253.42,3646.42,3876.11,7548.370000000001,,,
ETHUSDT,TRES_AGRESSIF,3347.77,3754.22,3822.99,7642.720000000001,,,
ETHUSDT,TRES_AGRESSIF,3971.51,4865.57,4985.82,8266.460000000001,,,
ETHUSDT,TRES_AGRESSIF,3929.18,4625.62,4913.62,8224.130000000001,,,
ETHUSDT,TRES_AGRESSIF,3438.0,4292.41,4551.4400000000005,7732.950000000001,,,
ETHUSDT,TRES_AGRESSIF,3407.15,3834.2900000000004,4520.59,7702.1,,,
ETHUSDT,TRES_AGRESSIF,3258.29,3685.4300000000003,4371.73,7553.240000000001,,,
ETHUSDT,TRES_AGRESSIF,4190.06,4804.74,5099.39,8485.010000000002,,,
ETHUSDT,TRES_AGRESSIF,4218.71,4973.99,5240.31,8513.66,,,
ETHUSDT,TRES_AGRESSIF,4170.5,4825.17,5192.1,8465.45,,,
ETHUSDT,TRES_AGRESSIF,4153.57,4696.700000000001,5175.17,8458.94,,,
ETHUSDT,TRES_AGRESSIF,4216.4,4718.0,5238.0,8521.77,,,
ETHUSDT,TRES_AGRESSIF,4154.37,4585.62,5131.68,8459.740000000002,,,
ETHUSDT,TRES_AGRESSIF,4373.52,4953.660000000001,5207.09,8678.890000000001,,,
ETHUSDT,TRES_AGRESSIF,4209.95,4790.09,5043.52,8515.32,,,
ETHUSDT,TRES_AGRESSIF,4593.17,5053.13,5463.200000000001,8976.830000000002,,,
ETHUSDT,TRES_AGRESSIF,4640.25,5191.88,5630.04,9232.02,,,
ETHUSDT,TRES_AGRESSIF,4693.67,5245.3,5683.46,9285.44,,,
ETHUSDT,TRES_AGRESSIF,4645.06,5072.6,5377.6,9236.830000000002,,,
ETHUSDT,TRES_AGRESSIF,4281.05,5094.92,5200.63,9074.36,,,
ETHUSDT,TRES_AGRESSIF,4367.9,4845.95,5287.48,9161.21,,,
ETHUSDT,TRES_AGRESSIF,4318.62,4735.280000000001,5238.2,9111.93,,,
ETHUSDT,TRES_AGRESSIF,4308.18,4955.47,5169.01,9101.490000000002,,,
ETHUSDT,TRES_AGRESSIF,4337.36,4984.65,5198.19,9130.67,,,
ETHUSDT,TRES_AGRESSIF,4445.09,5092.38,5305.92,9238.400000000001,,,
ETHUSDT,TRES_AGRESSIF,4595.62,5308.28,5456.45,9388.93,,,
ETHUSDT,TRES_AGRESSIF,4728.44,5553.049999999999,5600.629999999999,9521.75,,,
ETHUSDT,TRES_AGRESSIF,4358.35,5461.17,5753.389999999999,9135.78,,,
ETHUSDT,TRES_AGRESSIF,4002.61,4662.57,5397.65,8780.04,,,
ETHUSDT,TRES_AGRESSIF,3483.18,3799.17,4229.8099999999995,8133.83,,,
ETHUSDT,TRES_AGRESSIF,3459.97,3782.91,4175.48,8110.619999999999,,,
ETHUSDT,TRES_AGRESSIF,3498.24,3821.18,4213.75,8148.889999999999,,,
ETHUSDT,TRES_AGRESSIF,3486.32,3809.26,4201.83,8136.969999999999,,,
ETHUSDT,TRES_AGRESSIF,3520.65,3890.59,4283.16,8171.299999999999,,,
ETHUSDT,TRES_AGRESSIF,3100.43,3353.99,3779.5499999999997,7675.969999999999,,,
ETHUSDT,TRES_AGRESSIF,3000.0,3388.7,3397.7,7570.18,,,
ETHUSDT,TRES_AGRESSIF,3001.49,3390.1899999999996,3390.1899999999996,7571.67,,,
ETHUSDT,TRES_AGRESSIF,1571.62,1690.62,1828.62,5571.12,7062.0,7274.0,
ETHUSDT,TRES_AGRESSIF,1711.86,1923.35,1996.36,5711.36,,,
ETHUSDT,TRES_AGRESSIF,1811.52,2006.49,2290.16,5811.02,,,
ETHUSDT,TRES_AGRESSIF,1837.44,1988.44,2329.9300000000003,5836.9400000000005,,,
ETHUSDT,TRES_AGRESSIF,1864.18,1981.3300000000002,2058.17,5863.68,,,
ETHUSDT,TRES_AGRESSIF,1862.11,1996.27,2073.1099999999997,5861.61,,,
ETHUSDT,TRES_AGRESSIF,1920.91,2038.6000000000001,2181.91,5920.41,,,
ETHUSDT,TRES_AGRESSIF,1985.15,2162.84,2222.3100000000004,5984.65,,,
ETHUSDT,TRES_AGRESSIF,1996.84,2188.02,2247.49,5996.34,,,
ETHUSDT,TRES_AGRESSIF,2011.51,2216.2,2275.67,6011.01,,,
ETHUSDT,TRES_AGRESSIF,2100.66,2392.0699999999997,2477.0499999999997,6100.16,,,
ETHUSDT,TRES_AGRESSIF,2076.32,2356.9300000000003,2461.17,6075.82,,,
ETHUSDT,TRES_AGRESSIF,2078.0,2326.09,2462.85,6077.5,,,
ETHUSDT,TRES_AGRESSIF,2079.37,2318.47,2458.2699999999995,6078.87,,,
ETHUSDT,TRES_AGRESSIF,2117.91,2278.8999999999996,2496.8099999999995,6117.41,,,
ETHUSDT,TRES_AGRESSIF,1918.35,2101.02,2282.42,5917.85,,,
ETHUSDT,TRES_AGRESSIF,1918.92,2101.59,2282.99,5918.42,,,
ETHUSDT,TRES_AGRESSIF,1902.94,2037.66,2212.8500000000004,5902.4400000000005,,,
ETHUSDT,TRES_AGRESSIF,1895.75,2030.47,2096.94,5895.25,,,
ETHUSDT,TRES_AGRESSIF,1859.72,1973.49,2196.98,4561.68,,,
ETHUSDT,TRES_AGRESSIF,3017.22,3335.7,3756.31,5038.18,,,
ETHUSDT,TRES_AGRESSIF,2969.65,3288.13,3654.42,4990.610000000001,,,
ETHUSDT,TRES_AGRESSIF,2956.51,3132.6400000000003,3530.4700000000003,4977.47,9315.0,9356.0,
ETHUSDT,TRES_AGRESSIF,2989.27,3165.4,3563.23,5010.23,9316.0,9357.0,
ETHUSDT,TRES_AGRESSIF,3027.3,3214.6200000000003,3612.4500000000003,5048.26,9318.0,9358.0,
ETHUSDT,TRES_AGRESSIF,3905.19,4647.55,4945.93,6558.15,,,
ETHUSDT,TRES_AGRESSIF,3913.52,4662.95,4961.33,6566.48,,,
ETHUSDT,TRES_AGRESSIF,3954.66,4709.639999999999,5008.02,6607.62,,,
ETHUSDT,TRES_AGRESSIF,3926.3,4724.63,5023.01,6579.26,,,
ETHUSDT,TRES_AGRESSIF,3928.91,4727.24,5025.62,6581.87,,,
ETHUSDT,TRES_AGRESSIF,3920.23,4718.5599999999995,5016.9400000000005,6573.1900000000005,,,
ETHUSDT,TRES_AGRESSIF,3908.16,4706.49,5004.33,6561.12,,,
ETHUSDT,TRES_AGRESSIF,4013.37,4321.57,5028.57,7021.7,,,
ETHUSDT,TRES_AGRESSIF,4038.52,4381.43,5073.04,7046.85,,,
ETHUSDT,TRES_AGRESSIF,4030.07,4409.710000000001,5091.460000000001,7038.4,,,
ETHUSDT,TRES_AGRESSIF,4053.74,4433.38,4999.4400000000005,7062.07,,,
ETHUSDT,TRES_AGRESSIF,4004.12,4383.76,4949.82,7012.45,,,
ETHUSDT,TRES_AGRESSIF,3997.38,4377.02,4943.08,7005.71,,,
ETHUSDT,TRES_AGRESSIF,3959.22,4338.860000000001,4904.92,6967.549999999999,,,
ETHUSDT,TRES_AGRESSIF,3584.48,4033.79,4628.120000000001,6678.120000000001,,,
ETHUSDT,TRES_AGRESSIF,3637.91,4072.2599999999998,4681.55,6731.55,,,
ETHUSDT,TRES_AGRESSIF,3589.65,4024.0,4633.290000000001,6683.290000000001,,,
ETHUSDT,TRES_AGRESSIF,3588.89,4023.24,4625.54,6682.530000000001,,,
ETHUSDT,TRES_AGRESSIF,3563.48,3817.52,4319.58,6657.120000000001,,,
ETHUSDT,TRES_AGRESSIF,3630.18,3843.0,4319.719999999999,6723.82,,,
ETHUSDT,TRES_AGRESSIF,3922.39,4350.73,5017.139999999999,6949.889999999999,,,
ETHUSDT,TRES_AGRESSIF,3902.78,4337.85,5004.26,6930.280000000001,,,
ETHUSDT,TRES_AGRESSIF,3966.12,4421.57,5087.98,6993.62,,,
ETHUSDT,TRES_AGRESSIF,3752.82,4022.6800000000003,4871.110000000001,6780.32,,,
ETHUSDT,TRES_AGRESSIF,3739.58,4014.88,4828.45,6767.08,,,
ETHUSDT,TRES_AGRESSIF,3775.61,4050.9100000000003,4739.46,6803.110000000001,,,
ETHUSDT,TRES_AGRESSIF,3790.39,4065.69,4752.08,6817.889999999999,,,
ETHUSDT,TRES_AGRESSIF,3801.39,4073.77,4736.33,6828.889999999999,,,
ETHUSDT,TRES_AGRESSIF,2705.19,2901.46,3145.75,5436.32,,,
ETHUSDT,TRES_AGRESSIF,2644.66,2840.93,3085.22,5375.79,,,
ETHUSDT,TRES_AGRESSIF,2621.79,2796.18,3062.35,5352.92,,,
ETHUSDT,TRES_AGRESSIF,2475.35,2802.3399999999997,2888.14,5206.48,,,
ETHUSDT,TRES_AGRESSIF,3156.49,3589.3799999999997,4249.49,5887.62,,,
ETHUSDT,TRES_AGRESSIF,3197.38,3630.27,4290.38,5928.51,,,
ETHUSDT,TRES_AGRESSIF,3133.36,3452.25,4226.360000000001,5864.49,,,
ETHUSDT,TRES_AGRESSIF,3146.13,3465.02,4239.13,5877.26,,,
ETHUSDT,TRES_AGRESSIF,3129.3,3355.5,4222.3,5860.43,,,
ETHUSDT,TRES_AGRESSIF,3210.48,3436.68,4303.48,5941.610000000001,,,
ETHUSDT,TRES_AGRESSIF,3101.79,3313.29,4150.5599999999995,5832.92,,,
ETHUSDT,TRES_AGRESSIF,3131.98,3343.11,4180.75,5863.110000000001,,,
ETHUSDT,TRES_AGRESSIF,3348.88,3748.37,3907.84,6080.01,,,
ETHUSDT,TRES_AGRESSIF,3357.3,3756.79,3916.26,6088.43,,,
ETHUSDT,TRES_AGRESSIF,3463.13,3931.57,4072.03,6194.26,,,
ETHUSDT,TRES_AGRESSIF,3297.12,3765.56,3806.0499999999997,6028.25,,,
ETHUSDT,TRES_AGRESSIF,3475.22,3976.6499999999996,3991.0399999999995,6206.35,,,
ETHUSDT,TRES_AGRESSIF,3521.18,4032.6699999999996,4047.0599999999995,6252.3099999999995,,,
ETHUSDT,TRES_AGRESSIF,3467.02,3983.6099999999997,4000.8199999999997,6198.15,,,
ETHUSDT,TRES_AGRESSIF,3298.08,3587.5699999999997,3831.8799999999997,6029.21,,,
ETHUSDT,TRES_AGRESSIF,3596.64,4030.45,4268.53,6327.77,,,
ETHUSDT,TRES_AGRESSIF,3594.51,4028.32,4266.4,6325.64,,,
ETHUSDT,TRES_AGRESSIF,3660.11,4093.92,4332.0,6391.24,,,
ETHUSDT,TRES_AGRESSIF,3705.64,4181.45,4419.139999999999,6436.77,,,
ETHUSDT,TRES_AGRESSIF,3869.74,4327.73,4681.219999999999,6475.72,,,
ETHUSDT,TRES_AGRESSIF,3996.29,4540.28,4788.1,6602.27,,,
ETHUSDT,TRES_AGRESSIF,4071.0,4647.219999999999,4895.04,6676.9800000000005,,,
ETHUSDT,TRES_AGRESSIF,3786.76,4404.59,4625.4,6392.740000000001,,,
ETHUSDT,TRES_AGRESSIF,3904.58,4458.27,4593.25,6510.56,,,
ETHUSDT,TRES_AGRESSIF,3956.91,4510.6,4574.74,6562.89,,,
ETHUSDT,TRES_AGRESSIF,3857.74,4369.68,4475.57,6463.72,,,
ETHUSDT,TRES_AGRESSIF,4033.25,4320.87,4668.24,6639.2300000000005,,,
ETHUSDT,TRES_AGRESSIF,2667.47,2944.17,3093.47,5393.459999999999,,,
ETHUSDT,TRES_AGRESSIF,2686.84,2963.5400000000004,3112.84,5412.83,,,
ETHUSDT,TRES_AGRESSIF,2616.61,2870.8100000000004,3038.2900000000004,5342.6,,,
ETHUSDT,TRES_AGRESSIF,2680.4,2934.6000000000004,3102.0800000000004,5406.389999999999,,,
ETHUSDT,TRES_AGRESSIF,2762.04,3093.32,3238.3,5488.03,,,
ETHUSDT,TRES_AGRESSIF,2620.7,2931.58,3096.96,5346.69,,,
ETHUSDT,TRES_AGRESSIF,2540.75,2840.77,2950.01,5266.74,,,
ETHUSDT,TRES_AGRESSIF,3051.1,3511.47,3766.5699999999997,5777.09,,,
ETHUSDT,TRES_AGRESSIF,3137.62,3379.2999999999997,3914.5699999999997,5863.61,12352.0,12485.0,
ETHUSDT,TRES_AGRESSIF,3115.07,3366.11,3901.38,5841.0599999999995,12352.0,12484.0,
ETHUSDT,TRES_AGRESSIF,3160.55,3431.75,3967.02,5886.54,12355.0,12489.0,
ETHUSDT,TRES_AGRESSIF,4307.78,5085.78,5300.2699999999995,7255.7699999999995,,,
ETHUSDT,TRES_AGRESSIF,4257.53,4981.75,5274.0199999999995,7205.5199999999995,,,
ETHUSDT,TRES_AGRESSIF,4515.18,5185.18,5680.67,7463.17,,,
ETHUSDT,TRES_AGRESSIF,4589.31,5352.610000000001,5875.8,7537.3,,,
ETHUSDT,TRES_AGRESSIF,4645.4,5418.91,5948.509999999999,7593.389999999999,,,
ETHUSDT,TRES_AGRESSIF,4632.63,5266.63,6073.12,7580.62,,,
ETHUSDT,TRES_AGRESSIF,4449.48,5079.25,5889.969999999999,7397.469999999999,,,
ETHUSDT,TRES_AGRESSIF,4703.61,5532.099999999999,5702.039999999999,8113.61,,,
ETHUSDT,TRES_AGRESSIF,4749.17,5577.66,5688.25,8159.17,,,
ETHUSDT,TRES_AGRESSIF,4777.25,5605.74,5660.719999999999,8187.25,,,
ETHUSDT,TRES_AGRESSIF,4655.31,5302.9800000000005,5552.9800000000005,8228.98,,,
ETHUSDT,TRES_AGRESSIF,4476.99,4769.5,5374.66,8050.66,,,
ETHUSDT,TRES_AGRESSIF,4717.86,5210.86,5280.37,8291.529999999999,,,
ETHUSDT,TRES_AGRESSIF,4178.8,4812.76,4945.92,7752.47,,,
ETHUSDT,TRES_AGRESSIF,2496.01,2687.8900000000003,2707.2900000000004,6069.68,,,
ETHUSDT,TRES_AGRESSIF,2487.97,2667.12,2699.25,6061.639999999999,,,
ETHUSDT,TRES_AGRESSIF,2469.0,2648.15,2680.28,6042.67,,,
BNBUSDT,FAIBLE,28.382,33.379000000000005,33.379000000000005,,,,
BNBUSDT,FAIBLE,28.395,33.391999999999996,33.391999999999996,,,,
BNBUSDT,FAIBLE,28.196,33.193,33.193,,,,
BNBUSDT,FAIBLE,33.325,38.289,42.278000000000006,,,,
BNBUSDT,FAIBLE,33.248,37.94799999999999,41.778,,,,
BNBUSDT,FAIBLE,33.513,38.212999999999994,42.042,,,,
BNBUSDT,FAIBLE,34.838,40.17,42.870000000000005,,,,
BNBUSDT,FAIBLE,34.726,40.05799999999999,42.403000000000006,,,,
BNBUSDT,FAIBLE,35.25,40.94499999999999,42.260000000000005,,,,
BNBUSDT,FAIBLE,35.56,42.018,43.128,,,,
BNBUSDT,FAIBLE,38.124,42.373000000000005,47.824,,,,
BNBUSDT,FAIBLE,39.99,43.32,50.19,,,,
BNBUSDT,FAIBLE,40.349,45.245,52.114999999999995,,,,
BNBUSDT,FAIBLE,41.126,48.102,54.971999999999994,,,,
BNBUSDT,FAIBLE,40.751,47.727,54.596999999999994,,,,
BNBUSDT,FAIBLE,41.806,48.662,55.652,,,,
BNBUSDT,FAIBLE,41.049,47.905,54.894999999999996,,,,
BNBUSDT,FAIBLE,41.751,48.607,55.596999999999994,,,,
BNBUSDT,FAIBLE,41.419,48.275,55.265,,,,
BNBUSDT,FAIBLE,41.817,48.733999999999995,55.0,,,,
BNBUSDT,FAIBLE,42.775,48.858999999999995,55.958,,,,
BNBUSDT,FAIBLE,43.8,49.88399999999999,56.93599999999999,,,,
BNBUSDT,FAIBLE,43.911,49.995,57.047,,,,
BNBUSDT,FAIBLE,44.008,50.364000000000004,57.416000000000004,,,,
BNBUSDT,FAIBLE,40.208,50.278,50.278,,,,
BNBUSDT,FAIBLE,40.737,50.807,50.807,,,,
BNBUSDT,FAIBLE,41.491,51.168,51.561,,,,
BNBUSDT,FAIBLE,45.861,55.644999999999996,57.51499999999999,,,,
BNBUSDT,FAIBLE,45.33,54.857,57.166999999999994,,,,
BNBUSDT,FAIBLE,45.86,54.131,57.696999999999996,,,,
BNBUSDT,FAIBLE,41.895,52.485,54.165,,,,
BNBUSDT,FAIBLE,41.85,47.842,54.12,,,,
BNBUSDT,FAIBLE,43.048,49.673,55.318,,,,
BNBUSDT,FAIBLE,42.325,46.715,52.915,,,,
BNBUSDT,FAIBLE,48.634,58.423,61.323,,,,
BNBUSDT,FAIBLE,48.279,58.449000000000005,61.639,,,,
BNBUSDT,FAIBLE,51.461,63.679,67.229,,,,
BNBUSDT,FAIBLE,52.161,62.96,68.983,,2170.0,2171.0,
BNBUSDT,FAIBLE,53.106,64.232,70.79599999999999,,2170.0,2172.0,
BNBUSDT,FAIBLE,56.119,68.949,75.513,,,,
BNBUSDT,FAIBLE,135.592,217.94800000000004,242.65500000000003,,,,
BNBUSDT,FAIBLE,128.997,153.65800000000002,229.133,,,,
BNBUSDT,FAIBLE,128.952,153.613,228.537,,,,
BNBUSDT,FAIBLE,140.895,170.24,240.23900000000003,,,,
BNBUSDT,FAIBLE,168.865,220.67600000000002,288.13,,,,
BNBUSDT,FAIBLE,166.216,225.947,293.385,,,,
BNBUSDT,FAIBLE,179.87,243.65400000000002,311.092,,,,
BNBUSDT,FAIBLE,232.845,355.351,421.532,,,,
BNBUSDT,FAIBLE,259.079,470.87300000000005,545.0450000000001,,,,
BNBUSDT,FAIBLE,248.397,373.983,482.533,,,,
BNBUSDT,FAIBLE,254.933,380.519,487.744,,,,
BNBUSDT,FAIBLE,229.445,326.756,462.256,,,,
BNBUSDT,FAIBLE,255.069,325.889,487.88,,,,
BNBUSDT,FAIBLE,246.324,316.908,470.124,,,,
BNBUSDT,FAIBLE,250.184,320.76800000000003,473.98400000000004,,,,
BNBUSDT,FAIBLE,249.938,320.522,473.738,,,,
BNBUSDT,FAIBLE,245.526,316.11,469.326,,,,
BNBUSDT,FAIBLE,241.133,282.31399999999996,366.71900000000005,,,,
BNBUSDT,FAIBLE,553.807,751.9200000000001,847.597,,,,
BNBUSDT,FAIBLE,581.134,809.27,904.947,,,,
BNBUSDT,FAIBLE,570.588,769.0239999999999,854.3109999999999,,,,
BNBUSDT,FAIBLE,533.78,700.983,757.9159999999999,,,,
BNBUSDT,FAIBLE,575.995,712.607,775.6310000000001,,,,
BNBUSDT,FAIBLE,567.366,703.978,767.002,,,,
BNBUSDT,FAIBLE,560.586,680.6690000000001,759.0219999999999,,,,
BNBUSDT,FAIBLE,564.173,665.625,762.6089999999999,,,,
BNBUSDT,FAIBLE,563.053,664.505,761.489,,,,
BNBUSDT,FAIBLE,569.13,670.582,767.566,,,,
BNBUSDT,FAIBLE,620.271,725.771,849.4069999999999,,,,
BNBUSDT,FAIBLE,623.154,728.654,852.29,,,,
BNBUSDT,FAIBLE,464.72,539.8800000000001,596.1,,,,
BNBUSDT,FAIBLE,485.5,583.9300000000001,640.15,,,,
BNBUSDT,FAIBLE,488.43,577.1500000000001,645.9200000000001,,,,
BNBUSDT,FAIBLE,503.49,576.14,643.0699999999999,,,,
BNBUSDT,FAIBLE,481.31,563.03,629.3600000000001,,,,
BNBUSDT,FAIBLE,481.95,540.77,616.85,,,,
BNBUSDT,FAIBLE,480.21,525.9300000000001,615.11,,,,
BNBUSDT,FAIBLE,492.9,546.5,622.56,,,,
BNBUSDT,FAIBLE,482.66,536.26,612.32,,,,
BNBUSDT,FAIBLE,495.07,554.27,576.79,,,,
BNBUSDT,FAIBLE,471.54,523.54,564.4000000000001,,,,
BNBUSDT,FAIBLE,478.14,511.65999999999997,571.0,,,,
BNBUSDT,FAIBLE,554.63,631.5899999999999,689.01,1241.2939999999999,,,
BNBUSDT,FAIBLE,568.48,630.4100000000001,708.58,1255.144,,,
BNBUSDT,FAIBLE,580.62,653.69,731.86,1267.284,3816.0,,
BNBUSDT,FAIBLE,595.25,682.95,761.12,1281.914,,,
BNBUSDT,FAIBLE,608.2,718.45,796.6200000000001,1294.864,,,
BNBUSDT,FAIBLE,641.39,773.52,881.24,1328.054,,,
BNBUSDT,FAIBLE,653.54,779.3199999999999,893.39,1340.204,,,
BNBUSDT,FAIBLE,651.92,726.4499999999999,891.77,1338.5839999999998,,,
BNBUSDT,FAIBLE,339.24,385.23,431.82,914.951,,,
BNBUSDT,FAIBLE,332.04,377.73,424.6,907.751,,,
BNBUSDT,FAIBLE,334.82,380.51,425.44,910.531,,,
BNBUSDT,FAIBLE,316.27,348.37,372.07,803.05,,,
BNBUSDT,FAIBLE,317.94,345.17,371.57,804.72,,,
BNBUSDT,FAIBLE,312.39,328.78,366.02,799.17,,,
BNBUSDT,FAIBLE,310.99,333.36,353.06,797.77,,,
BNBUSDT,FAIBLE,315.72,338.09000000000003,357.79,802.5,,,
BNBUSDT,FAIBLE,319.45,343.92,355.77,806.23,,,
BNBUSDT,FAIBLE,323.88,348.35,360.2,810.66,,,
BNBUSDT,FAIBLE,333.73,358.31,372.44,820.51,,,
BNBUSDT,FAIBLE,334.74,354.87,374.18,821.52,,,
BNBUSDT,FAIBLE,345.02,378.98,399.19,831.8,,,
BNBUSDT,FAIBLE,327.76,359.34000000000003,370.08000000000004,814.54,,,
BNBUSDT,FAIBLE,330.82,362.34000000000003,373.14000000000004,817.5999999999999,,,
BNBUSDT,FAIBLE,330.38,359.23,372.70000000000005,817.16,,,
BNBUSDT,FAIBLE,331.5,358.1,373.82000000000005,818.28,,,
BNBUSDT,FAIBLE,338.03,363.28999999999996,374.49,824.81,,,
BNBUSDT,FAIBLE,341.95,370.57,378.41,828.73,,,
BNBUSDT,FAIBLE,330.63,354.07,367.09000000000003,817.41,,,
BNBUSDT,FAIBLE,335.48,363.06,371.94000000000005,822.26,,,
BNBUSDT,FAIBLE,330.09,355.08,366.55,816.8699999999999,,,
BNBUSDT,FAIBLE,326.76,344.71,356.69,813.54,,,
BNBUSDT,FAIBLE,264.51,288.90999999999997,314.9599999999999,541.54,,,
BNBUSDT,FAIBLE,264.89,285.91999999999996,315.3399999999999,541.92,,,
BNBUSDT,FAIBLE,289.78,319.2,347.71999999999997,566.81,,,
BNBUSDT,FAIBLE,322.09,387.33,427.81,599.1199999999999,,,
BNBUSDT,FAIBLE,315.28,369.71,421.0,592.31,,,
BNBUSDT,FAIBLE,311.33,364.06,417.05,588.3599999999999,,,
BNBUSDT,FAIBLE,313.49,362.41,400.98,561.96,,,
BNBUSDT,FAIBLE,323.02,371.94,404.55,571.49,,,
BNBUSDT,FAIBLE,301.28,338.71,375.28999999999996,549.75,,,
BNBUSDT,FAIBLE,305.99,334.11,358.72,554.46,,,
BNBUSDT,FAIBLE,307.62,329.02000000000004,359.97,556.09,,,
BNBUSDT,FAIBLE,308.9,336.88,361.25,557.37,,,
BNBUSDT,FAIBLE,313.25,344.93,362.17,544.28,,,
BNBUSDT,FAIBLE,317.14,350.89,366.06,548.17,,,
BNBUSDT,FAIBLE,317.59,351.34,366.51,548.62,,,
BNBUSDT,FAIBLE,316.94,350.69,365.86,547.97,,,
BNBUSDT,FAIBLE,308.9,342.65,357.82,539.93,,,
BNBUSDT,FAIBLE,313.71,337.05,351.83,544.74,,,
BNBUSDT,FAIBLE,310.99,334.33000000000004,349.11,542.02,,,
BNBUSDT,FAIBLE,292.09,326.21,326.86,523.12,,,
BNBUSDT,FAIBLE,324.84,350.5,361.0,541.78,,,
BNBUSDT,FAIBLE,325.5,340.82,359.65000000000003,542.44,8795.0,8797.0,
BNBUSDT,FAIBLE,327.8,343.12,361.95000000000005,544.74,8796.0,8832.0,
BNBUSDT,FAIBLE,332.65,350.97999999999996,369.81,549.59,8798.0,8834.0,
BNBUSDT,FAIBLE,383.86,427.67,457.38,600.8000000000001,,,
BNBUSDT,FAIBLE,388.72,427.75000000000006,463.73,605.6600000000001,,,
BNBUSDT,FAIBLE,388.28,428.10999999999996,464.0899999999999,605.22,,,
BNBUSDT,FAIBLE,400.18,436.54,487.49,617.12,,,
BNBUSDT,FAIBLE,406.57,455.41,506.36,623.51,,,
BNBUSDT,FAIBLE,414.35,457.91,496.34000000000003,631.2900000000001,,,
BNBUSDT,FAIBLE,409.65,452.96,491.64,626.59,,,
BNBUSDT,FAIBLE,409.99,447.90000000000003,491.98,626.9300000000001,,,
BNBUSDT,FAIBLE,411.17,449.08000000000004,493.16,628.11,,,
BNBUSDT,FAIBLE,410.78,448.69,492.77,627.72,,,
BNBUSDT,FAIBLE,487.16,627.36,627.36,731.11,,,
BNBUSDT,FAIBLE,487.22,629.55,629.55,731.1700000000001,,,
BNBUSDT,FAIBLE,488.06,630.39,630.39,732.01,,,
BNBUSDT,FAIBLE,503.89,656.77,656.77,747.84,,,
BNBUSDT,FAIBLE,532.41,718.9599999999999,718.9599999999999,776.36,,,
BNBUSDT,FAIBLE,530.78,697.25,717.3299999999999,774.73,,,
BNBUSDT,FAIBLE,518.34,633.5699999999999,704.89,855.47,,,
BNBUSDT,FAIBLE,523.06,638.29,709.6099999999999,860.1899999999998,,,
BNBUSDT,FAIBLE,534.95,650.1800000000001,721.5,872.0799999999999,,,
BNBUSDT,FAIBLE,565.75,674.82,859.83,1010.4100000000001,,,
BNBUSDT,FAIBLE,557.0,705.09,817.27,1001.6600000000001,,,
BNBUSDT,FAIBLE,554.14,646.89,776.9000000000001,998.8,,,
BNBUSDT,FAIBLE,575.95,668.7,798.71,1020.6100000000001,,,
BNBUSDT,FAIBLE,584.31,677.06,799.3299999999999,1028.97,,,
BNBUSDT,FAIBLE,554.32,644.1800000000001,738.4100000000001,998.98,,,
BNBUSDT,FAIBLE,560.84,648.4100000000001,727.6600000000001,1005.5,,,
BNBUSDT,FAIBLE,564.27,651.8399999999999,728.4100000000001,1008.9300000000001,,,
BNBUSDT,FAIBLE,568.36,655.9300000000001,730.1200000000001,1013.02,,,
BNBUSDT,FAIBLE,580.57,644.6600000000001,728.6600000000001,1025.23,,,
BNBUSDT,FAIBLE,569.99,634.08,718.08,1014.6500000000001,,,
BNBUSDT,FAIBLE,616.83,683.1500000000001,764.9200000000001,1061.49,,,
BNBUSDT,FAIBLE,607.56,674.4899999999999,755.65,1052.22,,,
BNBUSDT,FAIBLE,604.51,662.8699999999999,752.6,1049.17,,,
BNBUSDT,FAIBLE,604.52,662.8799999999999,752.61,1049.18,,,
BNBUSDT,FAIBLE,607.74,666.0999999999999,734.6,1052.4,,,
BNBUSDT,FAIBLE,582.75,652.49,698.81,1027.41,,,
BNBUSDT,FAIBLE,580.95,649.74,667.51,1025.6100000000001,,,
BNBUSDT,FAIBLE,582.92,651.7099999999999,669.4799999999999,1027.58,,,
BNBUSDT,FAIBLE,583.45,641.3100000000001,670.01,1028.1100000000001,,,
BNBUSDT,FAIBLE,585.01,642.87,666.7399999999999,1029.67,,,
BNBUSDT,FAIBLE,605.08,652.13,686.81,1049.74,,,
BNBUSDT,FAIBLE,614.03,661.0799999999999,695.7599999999999,1058.69,,,
BNBUSDT,FAIBLE,621.23,681.73,713.9,1065.89,,,
BNBUSDT,FAIBLE,559.81,632.5699999999999,702.81,1004.47,,,
BNBUSDT,FAIBLE,560.27,633.03,703.27,1004.9300000000001,,,
BNBUSDT,FAIBLE,567.8,623.56,710.8,1012.46,,,
BNBUSDT,FAIBLE,607.61,678.81,750.61,1052.27,,,
BNBUSDT,FAIBLE,581.2,636.86,673.76,1102.97,,,
BNBUSDT,FAIBLE,599.43,635.4399999999999,666.99,1121.1999999999998,,,
BNBUSDT,FAIBLE,589.32,622.8100000000001,637.0400000000001,1111.0900000000001,,,
BNBUSDT,FAIBLE,594.48,627.97,642.2,1116.25,,,
BNBUSDT,FAIBLE,605.88,652.01,653.6,1127.65,,,
BNBUSDT,FAIBLE,610.49,656.8,658.21,1132.26,,,
BNBUSDT,FAIBLE,604.22,652.26,652.26,1125.99,,,
BNBUSDT,FAIBLE,552.5,606.16,622.06,1074.27,,,
BNBUSDT,FAIBLE,623.69,693.3800000000001,748.97,1145.46,,,
BNBUSDT,FAIBLE,631.05,700.74,756.3299999999999,1152.82,,,
BNBUSDT,FAIBLE,623.78,693.47,749.06,1145.55,,,
BNBUSDT,FAIBLE,639.33,701.82,764.61,1161.1,,,
BNBUSDT,FAIBLE,627.12,685.5999999999999,752.4,1148.8899999999999,,,
BNBUSDT,FAIBLE,625.61,672.9200000000001,706.9300000000001,1147.38,,,
BNBUSDT,FAIBLE,645.0,703.1800000000001,725.38,1166.77,,,
BNBUSDT,FAIBLE,664.61,739.25,744.99,1186.38,,,
BNBUSDT,FAIBLE,663.53,747.47,752.61,1185.3,,,
BNBUSDT,FAIBLE,658.13,746.5500000000001,753.21,1179.9,,,
BNBUSDT,FAIBLE,658.18,746.6,753.26,1179.9499999999998,,,
BNBUSDT,FAIBLE,656.83,734.1000000000001,751.9100000000001,1178.6,,,
BNBUSDT,FAIBLE,673.6,751.57,768.6800000000001,1195.37,,,
BNBUSDT,FAIBLE,656.65,734.62,751.73,1178.42,,,
BNBUSDT,FAIBLE,738.77,910.27,932.85,1260.54,,,
BNBUSDT,FAIBLE,739.25,910.75,933.33,1261.02,,,
BNBUSDT,FAIBLE,746.56,918.06,940.64,1268.33,,,
BNBUSDT,FAIBLE,755.79,927.29,949.87,1277.56,,,
BNBUSDT,FAIBLE,722.0,826.0,916.08,1314.57,,,
BNBUSDT,FAIBLE,715.8,787.49,909.88,1308.37,,,
BNBUSDT,FAIBLE,707.7,836.3900000000001,893.48,1300.27,,,
BNBUSDT,FAIBLE,704.92,833.61,876.42,1297.4899999999998,,,
BNBUSDT,FAIBLE,716.09,827.51,887.59,1308.6599999999999,,,
BNBUSDT,FAIBLE,708.73,820.15,880.23,1301.3,,,
BNBUSDT,FAIBLE,727.86,839.28,899.36,1320.4299999999998,,,
BNBUSDT,FAIBLE,719.55,792.3699999999999,891.05,1312.12,,,
BNBUSDT,FAIBLE,719.53,792.3499999999999,891.03,1312.1,,,
BNBUSDT,FAIBLE,711.69,767.35,883.19,1304.26,,,
BNBUSDT,FAIBLE,727.13,762.05,898.63,1319.6999999999998,,,
BNBUSDT,FAIBLE,730.69,771.6800000000001,902.19,1323.26,,,
BNBUSDT,FAIBLE,667.68,788.13,811.83,1260.25,,,
BNBUSDT,FAIBLE,703.41,791.87,823.86,1295.98,,,
BNBUSDT,FAIBLE,702.13,777.3100000000001,822.58,1294.6999999999998,,,
BNBUSDT,FAIBLE,705.91,781.09,826.36,1298.48,,,
BNBUSDT,FAIBLE,691.08,773.2900000000001,811.5300000000001,1283.65,,,
BNBUSDT,FAIBLE,721.02,778.0999999999999,841.47,1313.59,,,
BNBUSDT,FAIBLE,687.27,759.5699999999999,759.5699999999999,1279.84,,,
BNBUSDT,FAIBLE,658.19,710.86,768.72,1250.76,,,
BNBUSDT,FAIBLE,644.98,682.5,755.51,1237.55,,,
BNBUSDT,FAIBLE,651.32,684.37,761.85,1243.8899999999999,,,
BNBUSDT,FAIBLE,638.35,666.7600000000001,748.88,1230.92,,,
BNBUSDT,FAIBLE,645.28,673.69,755.81,1237.85,,,
BNBUSDT,FAIBLE,650.37,677.4000000000001,750.9699999999999,1242.94,11567.0,11923.0,
BNBUSDT,FAIBLE,657.01,683.53,757.6099999999999,1249.58,11567.0,11926.0,
BNBUSDT,FAIBLE,653.2,689.7500000000001,753.8,1245.77,,,
BNBUSDT,FAIBLE,667.89,719.3299999999999,728.28,1260.46,,,
BNBUSDT,FAIBLE,672.04,710.0999999999999,732.43,1264.61,,,
BNBUSDT,FAIBLE,686.79,729.48,751.63,1279.36,,,
BNBUSDT,FAIBLE,688.58,728.57,745.4,1274.48,,,
BNBUSDT,FAIBLE,704.87,752.83,769.37,1281.8200000000002,,,
BNBUSDT,FAIBLE,785.98,853.92,921.53,1357.56,11970.0,12248.0,
BNBUSDT,FAIBLE,793.57,861.51,929.12,1365.15,,,
BNBUSDT,FAIBLE,794.78,862.7199999999999,930.3299999999999,1366.3600000000001,,,
BNBUSDT,FAIBLE,804.11,913.61,990.87,1429.6100000000001,,,
BNBUSDT,FAIBLE,812.15,886.6,943.48,1451.4099999999999,,,
BNBUSDT,FAIBLE,821.74,902.4300000000001,953.07,1461.0,,,
BNBUSDT,FAIBLE,828.0,907.05,967.72,1467.26,,,
BNBUSDT,FAIBLE,845.18,917.6299999999999,984.9,1484.44,,,
BNBUSDT,FAIBLE,854.62,927.0699999999999,994.34,1493.88,,,
BNBUSDT,FAIBLE,866.77,932.77,1003.78,1514.42,,,
BNBUSDT,FAIBLE,895.5,976.2900000000001,1014.36,1543.15,,,
BNBUSDT,FAIBLE,901.01,984.23,1021.67,1548.6599999999999,,,
BNBUSDT,FAIBLE,941.84,1014.22,1045.93,1611.5900000000001,,,
BNBUSDT,FAIBLE,937.16,1009.9399999999999,1041.65,1606.9099999999999,,,
BNBUSDT,FAIBLE,998.81,1089.29,1159.21,1683.6799999999998,,,
BNBUSDT,FAIBLE,992.42,1089.6100000000001,1159.53,1677.29,,,
BNBUSDT,FAIBLE,1021.63,1136.91,1201.5300000000002,1706.5,,,
BNBUSDT,FAIBLE,1044.28,1177.23,1244.53,1729.15,,,
BNBUSDT,FAIBLE,1016.2,1137.3600000000001,1225.65,1815.1,,,
BNBUSDT,FAIBLE,1018.81,1139.9699999999998,1225.58,1817.71,,,
BNBUSDT,FAIBLE,1030.43,1134.54,1203.71,1827.25,,,
BNBUSDT,FAIBLE,1020.63,1124.74,1193.9099999999999,1817.4499999999998,,,
BNBUSDT,FAIBLE,1005.1,1109.21,1172.1599999999999,1801.92,,,
BNBUSDT,FAIBLE,1019.97,1104.99,1171.58,1816.79,12371.0,12375.0,
BNBUSDT,FAIBLE,1026.85,1107.81,1178.46,1823.6699999999998,12371.0,12375.0,
BNBUSDT,FAIBLE,1031.25,1106.38,1182.8600000000001,1828.07,12371.0,12375.0,
BNBUSDT,FAIBLE,1223.8,1436.53,1531.3899999999999,2129.73,,,
BNBUSDT,FAIBLE,1250.54,1481.78,1582.87,2156.4700000000003,,,
BNBUSDT,FAIBLE,1277.78,1828.79,1828.79,2353.23,,,
BNBUSDT,FAIBLE,1127.94,1323.3200000000002,1678.9499999999998,2206.16,,,
BNBUSDT,FAIBLE,1114.5,1289.09,1665.5099999999998,2192.72,,,
BNBUSDT,FAIBLE,1130.0,1238.83,1681.0099999999998,2208.22,,,
BNBUSDT,FAIBLE,1120.17,1229.0,1473.78,2198.39,,,
BNBUSDT,FAIBLE,1126.36,1235.1899999999998,1479.9699999999998,2204.58,,,
BNBUSDT,FAIBLE,1137.87,1245.6799999999998,1491.4799999999998,2216.0899999999997,,,
BNBUSDT,MODERE,28.382,33.379000000000005,33.379000000000005,,,,
BNBUSDT,MODERE,28.395,33.391999999999996,33.391999999999996,,,,
BNBUSDT,MODERE,28.196,33.193,33.193,,,,
BNBUSDT,MODERE,33.325,38.289,42.278000000000006,,,,
BNBUSDT,MODERE,33.248,37.94799999999999,41.778,,,,
BNBUSDT,MODERE,33.513,38.212999999999994,42.042,,,,
BNBUSDT,MODERE,34.838,40.17,42.870000000000005,,,,
BNBUSDT,MODERE,34.726,40.05799999999999,42.403000000000006,,,,
BNBUSDT,MODERE,35.25,40.94499999999999,42.260000000000005,,,,
BNBUSDT,MODERE,35.56,42.018,43.128,,,,
BNBUSDT,MODERE,38.124,42.373000000000005,47.824,,,,
BNBUSDT,MODERE,39.99,43.32,50.19,,,,
BNBUSDT,MODERE,40.349,45.245,52.114999999999995,,,,
BNBUSDT,MODERE,41.126,48.102,54.971999999999994,,,,
BNBUSDT,MODERE,40.751,47.727,54.596999999999994,,,,
BNBUSDT,MODERE,41.806,48.662,55.652,,,,
BNBUSDT,MODERE,41.049,47.905,54.894999999999996,,,,
BNBUSDT,MODERE,41.751,48.607,55.596999999999994,,,,
BNBUSDT,MODERE,41.419,48.275,55.265,,,,
BNBUSDT,MODERE,41.817,48.733999999999995,55.0,,,,
BNBUSDT,MODERE,42.775,48.858999999999995,55.958,,,,
BNBUSDT,MODERE,43.8,49.88399999999999,56.93599999999999,,,,
BNBUSDT,MODERE,43.911,49.995,57.047,,,,
BNBUSDT,MODERE,44.008,50.364000000000004,57.416000000000004,,,,
BNBUSDT,MODERE,40.208,50.278,50.278,,,,
BNBUSDT,MODERE,40.737,50.807,50.807,,,,
BNBUSDT,MODERE,41.491,51.168,51.561,,,,
BNBUSDT,MODERE,45.861,55.644999999999996,57.51499999999999,,,,
BNBUSDT,MODERE,45.33,54.857,57.166999999999994,,,,
BNBUSDT,MODERE,45.86,54.131,57.696999999999996,,,,
BNBUSDT,MODERE,41.895,52.485,54.165,,,,
BNBUSDT,MODERE,41.85,47.842,54.12,,,,
BNBUSDT,MODERE,43.048,49.673,55.318,,,,
BNBUSDT,MODERE,42.325,46.715,52.915,,,,
BNBUSDT,MODERE,48.634,58.423,61.323,,,,
BNBUSDT,MODERE,48.279,58.449000000000005,61.639,,,,
BNBUSDT,MODERE,51.461,63.679,67.229,,,,
BNBUSDT,MODERE,52.161,62.96,68.983,,2170.0,2171.0,
BNBUSDT,MODERE,53.106,64.232,70.79599999999999,,2170.0,2172.0,
BNBUSDT,MODERE,56.119,68.949,75.513,,,,
BNBUSDT,MODERE,135.592,217.94800000000004,242.65500000000003,,,,
BNBUSDT,MODERE,128.997,153.65800000000002,229.133,,,,
BNBUSDT,MODERE,128.952,153.613,228.537,,,,
BNBUSDT,MODERE,140.895,170.24,240.23900000000003,,,,
BNBUSDT,MODERE,168.865,220.67600000000002,288.13,,,,
BNBUSDT,MODERE,166.216,225.947,293.385,,,,
BNBUSDT,MODERE,179.87,243.65400000000002,311.092,,,,
BNBUSDT,MODERE,232.845,355.351,421.532,,,,
BNBUSDT,MODERE,259.079,470.87300000000005,545.0450000000001,,,,
BNBUSDT,MODERE,248.397,373.983,482.533,,,,
BNBUSDT,MODERE,254.933,380.519,487.744,,,,
BNBUSDT,MODERE,229.445,326.756,462.256,,,,
BNBUSDT,MODERE,255.069,325.889,487.88,,,,
BNBUSDT,MODERE,246.324,316.908,470.124,,,,
BNBUSDT,MODERE,250.184,320.76800000000003,473.98400000000004,,,,
BNBUSDT,MODERE,249.938,320.522,473.738,,,,
BNBUSDT,MODERE,245.526,316.11,469.326,,,,
BNBUSDT,MODERE,241.133,282.31399999999996,366.71900000000005,,,,
BNBUSDT,MODERE,553.807,751.9200000000001,847.597,,,,
BNBUSDT,MODERE,581.134,809.27,904.947,,,,
BNBUSDT,MODERE,570.588,769.0239999999999,854.3109999999999,,,,
BNBUSDT,MODERE,533.78,700.983,757.9159999999999,,,,
BNBUSDT,MODERE,575.995,712.607,775.6310000000001,,,,
BNBUSDT,MODERE,567.366,703.978,767.002,,,,
BNBUSDT,MODERE,560.586,680.6690000000001,759.0219999999999,,,,
BNBUSDT,MODERE,564.173,665.625,762.6089999999999,,,,
BNBUSDT,MODERE,563.053,664.505,761.489,,,,
BNBUSDT,MODERE,569.13,670.582,767.566,,,,
BNBUSDT,MODERE,620.271,725.771,849.4069999999999,,,,
BNBUSDT,MODERE,623.154,728.654,852.29,,,,
BNBUSDT,MODERE,464.72,539.8800000000001,596.1,,,,
BNBUSDT,MODERE,485.5,583.9300000000001,640.15,,,,
BNBUSDT,MODERE,488.43,577.1500000000001,645.9200000000001,,,,
BNBUSDT,MODERE,503.49,576.14,643.0699999999999,,,,
BNBUSDT,MODERE,481.31,563.03,629.3600000000001,,,,
BNBUSDT,MODERE,481.95,540.77,616.85,,,,
BNBUSDT,MODERE,480.21,525.9300000000001,615.11,,,,
BNBUSDT,MODERE,492.9,546.5,622.56,,,,
BNBUSDT,MODERE,482.66,536.26,612.32,,,,
BNBUSDT,MODERE,495.07,554.27,576.79,,,,
BNBUSDT,MODERE,471.54,523.54,564.4000000000001,,,,
BNBUSDT,MODERE,478.14,511.65999999999997,571.0,,,,
BNBUSDT,MODERE,554.63,631.5899999999999,689.01,1241.2939999999999,,,
BNBUSDT,MODERE,568.48,630.4100000000001,708.58,1255.144,,,
BNBUSDT,MODERE,580.62,653.69,731.86,1267.284,3816.0,,
BNBUSDT,MODERE,595.25,682.95,761.12,1281.914,,,
BNBUSDT,MODERE,608.2,718.45,796.6200000000001,1294.864,,,
BNBUSDT,MODERE,641.39,773.52,881.24,1328.054,,,
BNBUSDT,MODERE,653.54,779.3199999999999,893.39,1340.204,,,
BNBUSDT,MODERE,651.92,726.4499999999999,891.77,1338.5839999999998,,,
BNBUSDT,MODERE,339.24,385.23,431.82,914.951,,,
BNBUSDT,MODERE,332.04,377.73,424.6,907.751,,,
BNBUSDT,MODERE,334.82,380.51,425.44,910.531,,,
BNBUSDT,MODERE,316.27,348.37,372.07,803.05,,,
BNBUSDT,MODERE,317.94,345.17,371.57,804.72,,,
BNBUSDT,MODERE,312.39,328.78,366.02,799.17,,,
BNBUSDT,MODERE,310.99,333.36,353.06,797.77,,,
BNBUSDT,MODERE,315.72,338.09000000000003,357.79,802.5,,,
BNBUSDT,MODERE,319.45,343.92,355.77,806.23,,,
BNBUSDT,MODERE,323.88,348.35,360.2,810.66,,,
BNBUSDT,MODERE,333.73,358.31,372.44,820.51,,,
BNBUSDT,MODERE,334.74,354.87,374.18,821.52,,,
BNBUSDT,MODERE,345.02,378.98,399.19,831.8,,,
BNBUSDT,MODERE,327.76,359.34000000000003,370.08000000000004,814.54,,,
BNBUSDT,MODERE,330.82,362.34000000000003,373.14000000000004,817.5999999999999,,,
BNBUSDT,MODERE,330.38,359.23,372.70000000000005,817.16,,,
BNBUSDT,MODERE,331.5,358.1,373.82000000000005,818.28,,,
BNBUSDT,MODERE,338.03,363.28999999999996,374.49,824.81,,,
BNBUSDT,MODERE,341.95,370.57,378.41,828.73,,,
BNBUSDT,MODERE,330.63,354.07,367.09000000000003,817.41,,,
BNBUSDT,MODERE,335.48,363.06,371.94000000000005,822.26,,,
BNBUSDT,MODERE,330.09,355.08,366.55,816.8699999999999,,,
BNBUSDT,MODERE,326.76,344.71,356.69,813.54,,,
BNBUSDT,MODERE,264.51,288.90999999999997,314.9599999999999,541.54,,,
BNBUSDT,MODERE,264.89,285.91999999999996,315.3399999999999,541.92,,,
BNBUSDT,MODERE,289.78,319.2,347.71999999999997,566.81,,,
BNBUSDT,MODERE,322.09,387.33,427.81,599.1199999999999,,,
BNBUSDT,MODERE,315.28,369.71,421.0,592.31,,,
BNBUSDT,MODERE,311.33,364.06,417.05,588.3599999999999,,,
BNBUSDT,MODERE,313.49,362.41,400.98,561.96,,,
BNBUSDT,MODERE,323.02,371.94,404.55,571.49,,,
BNBUSDT,MODERE,301.28,338.71,375.28999999999996,549.75,,,
BNBUSDT,MODERE,305.99,334.11,358.72,554.46,,,
BNBUSDT,MODERE,307.62,329.02000000000004,359.97,556.09,,,
BNBUSDT,MODERE,308.9,336.88,361.25,557.37,,,
BNBUSDT,MODERE,313.25,344.93,362.17,544.28,,,
BNBUSDT,MODERE,317.14,350.89,366.06,548.17,,,
BNBUSDT,MODERE,317.59,351.34,366.51,548.62,,,
BNBUSDT,MODERE,316.94,350.69,365.86,547.97,,,
BNBUSDT,MODERE,308.9,342.65,357.82,539.93,,,
BNBUSDT,MODERE,313.71,337.05,351.83,544.74,,,
BNBUSDT,MODERE,310.99,334.33000000000004,349.11,542.02,,,
BNBUSDT,MODERE,292.09,326.21,326.86,523.12,,,
BNBUSDT,MODERE,324.84,350.5,361.0,541.78,,,
BNBUSDT,MODERE,325.5,340.82,359.65000000000003,542.44,8795.0,8797.0,
BNBUSDT,MODERE,327.8,343.12,361.95000000000005,544.74,8796.0,8832.0,
BNBUSDT,MODERE,332.65,350.97999999999996,369.81,549.59,8798.0,8834.0,
BNBUSDT,MODERE,383.86,427.67,457.38,600.8000000000001,,,
BNBUSDT,MODERE,388.72,427.75000000000006,463.73,605.6600000000001,,,
BNBUSDT,MODERE,388.28,428.10999999999996,464.0899999999999,605.22,,,
BNBUSDT,MODERE,400.18,436.54,487.49,617.12,,,
BNBUSDT,MODERE,406.57,455.41,506.36,623.51,,,
BNBUSDT,MODERE,414.35,457.91,496.34000000000003,631.2900000000001,,,
BNBUSDT,MODERE,409.65,452.96,491.64,626.59,,,
BNBUSDT,MODERE,409.99,447.90000000000003,491.98,626.9300000000001,,,
BNBUSDT,MODERE,411.17,449.08000000000004,493.16,628.11,,,
BNBUSDT,MODERE,410.78,448.69,492.77,627.72,,,
BNBUSDT,MODERE,487.16,627.36,627.36,731.11,,,
BNBUSDT,MODERE,487.22,629.55,629.55,731.1700000000001,,,
BNBUSDT,MODERE,488.06,630.39,630.39,732.01,,,
BNBUSDT,MODERE,503.89,656.77,656.77,747.84,,,
BNBUSDT,MODERE,532.41,718.9599999999999,718.9599999999999,776.36,,,
BNBUSDT,MODERE,530.78,697.25,717.3299999999999,774.73,,,
BNBUSDT,MODERE,518.34,633.5699999999999,704.89,855.47,,,
BNBUSDT,MODERE,523.06,638.29,709.6099999999999,860.1899999999998,,,
BNBUSDT,MODERE,534.95,650.1800000000001,721.5,872.0799999999999,,,
BNBUSDT,MODERE,565.75,674.82,859.83,1010.4100000000001,,,
BNBUSDT,MODERE,557.0,705.09,817.27,1001.6600000000001,,,
BNBUSDT,MODERE,554.14,646.89,776.9000000000001,998.8,,,
BNBUSDT,MODERE,575.95,668.7,798.71,1020.6100000000001,,,
BNBUSDT,MODERE,584.31,677.06,799.3299999999999,1028.97,,,
BNBUSDT,MODERE,554.32,644.1800000000001,738.4100000000001,998.98,,,
BNBUSDT,MODERE,560.84,648.4100000000001,727.6600000000001,1005.5,,,
BNBUSDT,MODERE,564.27,651.8399999999999,728.4100000000001,1008.9300000000001,,,
BNBUSDT,MODERE,568.36,655.9300000000001,730.1200000000001,1013.02,,,
BNBUSDT,MODERE,580.57,644.6600000000001,728.6600000000001,1025.23,,,
BNBUSDT,MODERE,569.99,634.08,718.08,1014.6500000000001,,,
BNBUSDT,MODERE,616.83,683.1500000000001,764.9200000000001,1061.49,,,
BNBUSDT,MODERE,607.56,674.4899999999999,755.65,1052.22,,,
BNBUSDT,MODERE,604.51,662.8699999999999,752.6,1049.17,,,
BNBUSDT,MODERE,604.52,662.8799999999999,752.61,1049.18,,,
BNBUSDT,MODERE,607.74,666.0999999999999,734.6,1052.4,,,
BNBUSDT,MODERE,582.75,652.49,698.81,1027.41,,,
BNBUSDT,MODERE,580.95,649.74,667.51,1025.6100000000001,,,
BNBUSDT,MODERE,582.92,651.7099999999999,669.4799999999999,1027.58,,,
BNBUSDT,MODERE,583.45,641.3100000000001,670.01,1028.1100000000001,,,
BNBUSDT,MODERE,585.01,642.87,666.7399999999999,1029.67,,,
BNBUSDT,MODERE,605.08,652.13,686.81,1049.74,,,
BNBUSDT,MODERE,614.03,661.0799999999999,695.7599999999999,1058.69,,,
BNBUSDT,MODERE,621.23,681.73,713.9,1065.89,,,
BNBUSDT,MODERE,559.81,632.5699999999999,702.81,1004.47,,,
BNBUSDT,MODERE,560.27,633.03,703.27,1004.9300000000001,,,
BNBUSDT,MODERE,567.8,623.56,710.8,1012.46,,,
BNBUSDT,MODERE,607.61,678.81,750.61,1052.27,,,
BNBUSDT,MODERE,581.2,636.86,673.76,1102.97,,,
BNBUSDT,MODERE,599.43,635.4399999999999,666.99,1121.1999999999998,,,
BNBUSDT,MODERE,589.32,622.8100000000001,637.0400000000001,1111.0900000000001,,,
BNBUSDT,MODERE,594.48,627.97,642.2,1116.25,,,
BNBUSDT,MODERE,605.88,652.01,653.6,1127.65,,,
BNBUSDT,MODERE,610.49,656.8,658.21,1132.26,,,
BNBUSDT,MODERE,604.22,652.26,652.26,1125.99,,,
BNBUSDT,MODERE,552.5,606.16,622.06,1074.27,,,
BNBUSDT,MODERE,623.69,693.3800000000001,748.97,1145.46,,,
BNBUSDT,MODERE,631.05,700.74,756.3299999999999,1152.82,,,
BNBUSDT,MODERE,623.78,693.47,749.06,1145.55,,,
BNBUSDT,MODERE,639.33,701.82,764.61,1161.1,,,
BNBUSDT,MODERE,627.12,685.5999999999999,752.4,1148.8899999999999,,,
BNBUSDT,MODERE,625.61,672.9200000000001,706.9300000000001,1147.38,,,
BNBUSDT,MODERE,645.0,703.1800000000001,725.38,1166.77,,,
BNBUSDT,MODERE,664.61,739.25,744.99,1186.38,,,
BNBUSDT,MODERE,663.53,747.47,752.61,1185.3,,,
BNBUSDT,MODERE,658.13,746.5500000000001,753.21,1179.9,,,
BNBUSDT,MODERE,658.18,746.6,753.26,1179.9499999999998,,,
BNBUSDT,MODERE,656.83,734.1000000000001,751.9100000000001,1178.6,,,
BNBUSDT,MODERE,673.6,751.57,768.6800000000001,1195.37,,,
BNBUSDT,MODERE,656.65,734.62,751.73,1178.42,,,
BNBUSDT,MODERE,738.77,910.27,932.85,1260.54,,,
BNBUSDT,MODERE,739.25,910.75,933.33,1261.02,,,
BNBUSDT,MODERE,746.56,918.06,940.64,1268.33,,,
BNBUSDT,MODERE,755.79,927.29,949.87,1277.56,,,
BNBUSDT,MODERE,722.0,826.0,916.08,1314.57,,,
BNBUSDT,MODERE,715.8,787.49,909.88,1308.37,,,
BNBUSDT,MODERE,707.7,836.3900000000001,893.48,1300.27,,,
BNBUSDT,MODERE,704.92,833.61,876.42,1297.4899999999998,,,
BNBUSDT,MODERE,716.09,827.51,887.59,1308.6599999999999,,,
BNBUSDT,MODERE,708.73,820.15,880.23,1301.3,,,
BNBUSDT,MODERE,727.86,839.28,899.36,1320.4299999999998,,,
BNBUSDT,MODERE,719.55,792.3699999999999,891.05,1312.12,,,
BNBUSDT,MODERE,719.53,792.3499999999999,891.03,1312.1,,,
BNBUSDT,MODERE,711.69,767.35,883.19,1304.26,,,
BNBUSDT,MODERE,727.13,762.05,898.63,1319.6999999999998,,,
BNBUSDT,MODERE,730.69,771.6800000000001,902.19,1323.26,,,
BNBUSDT,MODERE,667.68,788.13,811.83,1260.25,,,
BNBUSDT,MODERE,703.41,791.87,823.86,1295.98,,,
BNBUSDT,MODERE,702.13,777.3100000000001,822.58,1294.6999999999998,,,
BNBUSDT,MODERE,705.91,781.09,826.36,1298.48,,,
BNBUSDT,MODERE,691.08,773.2900000000001,811.5300000000001,1283.65,,,
BNBUSDT,MODERE,721.02,778.0999999999999,841.47,1313.59,,,
BNBUSDT,MODERE,687.27,759.5699999999999,759.5699999999999,1279.84,,,
BNBUSDT,MODERE,658.19,710.86,768.72,1250.76,,,
BNBUSDT,MODERE,644.98,682.5,755.51,1237.55,,,
BNBUSDT,MODERE,651.32,684.37,761.85,1243.8899999999999,,,
BNBUSDT,MODERE,638.35,666.7600000000001,748.88,1230.92,,,
BNBUSDT,MODERE,645.28,673.69,755.81,1237.85,,,
BNBUSDT,MODERE,650.37,677.4000000000001,750.9699999999999,1242.94,11567.0,11923.0,
BNBUSDT,MODERE,657.01,683.53,757.6099999999999,1249.58,11567.0,11926.0,
BNBUSDT,MODERE,653.2,689.7500000000001,753.8,1245.77,,,
BNBUSDT,MODERE,667.89,719.3299999999999,728.28,1260.46,,,
BNBUSDT,MODERE,672.04,710.0999999999999,732.43,1264.61,,,
BNBUSDT,MODERE,686.79,729.48,751.63,1279.36,,,
BNBUSDT,MODERE,688.58,728.57,745.4,1274.48,,,
BNBUSDT,MODERE,704.87,752.83,769.37,1281.8200000000002,,,
BNBUSDT,MODERE,785.98,853.92,921.53,1357.56,11970.0,12248.0,
BNBUSDT,MODERE,793.57,861.51,929.12,1365.15,,,
BNBUSDT,MODERE,794.78,862.7199999999999,930.3299999999999,1366.3600000000001,,,
BNBUSDT,MODERE,804.11,913.61,990.87,1429.6100000000001,,,
BNBUSDT,MODERE,812.15,886.6,943.48,1451.4099999999999,,,
BNBUSDT,MODERE,821.74,902.4300000000001,953.07,1461.0,,,
BNBUSDT,MODERE,828.0,907.05,967.72,1467.26,,,
BNBUSDT,MODERE,845.18,917.6299999999999,984.9,1484.44,,,
BNBUSDT,MODERE,854.62,927.0699999999999,994.34,1493.88,,,
BNBUSDT,MODERE,866.77,932.77,1003.78,1514.42,,,
BNBUSDT,MODERE,895.5,976.2900000000001,1014.36,1543.15,,,
BNBUSDT,MODERE,901.01,984.23,1021.67,1548.6599999999999,,,
BNBUSDT,MODERE,941.84,1014.22,1045.93,1611.5900000000001,,,
BNBUSDT,MODERE,937.16,1009.9399999999999,1041.65,1606.9099999999999,,,
BNBUSDT,MODERE,998.81,1089.29,1159.21,1683.6799999999998,,,
BNBUSDT,MODERE,992.42,1089.6100000000001,1159.53,1677.29,,,
BNBUSDT,MODERE,1021.63,1136.91,1201.5300000000002,1706.5,,,
BNBUSDT,MODERE,1044.28,1177.23,1244.53,1729.15,,,
BNBUSDT,MODERE,1016.2,1137.3600000000001,1225.65,1815.1,,,
BNBUSDT,MODERE,1018.81,1139.9699999999998,1225.58,1817.71,,,
BNBUSDT,MODERE,1030.43,1134.54,1203.71,1827.25,,,
BNBUSDT,MODERE,1020.63,1124.74,1193.9099999999999,1817.4499999999998,,,
BNBUSDT,MODERE,1005.1,1109.21,1172.1599999999999,1801.92,,,
BNBUSDT,MODERE,1019.97,1104.99,1171.58,1816.79,12371.0,12375.0,
BNBUSDT,MODERE,1026.85,1107.81,1178.46,1823.6699999999998,12371.0,12375.0,
BNBUSDT,MODERE,1031.25,1106.38,1182.8600000000001,1828.07,12371.0,12375.0,
BNBUSDT,MODERE,1223.8,1436.53,1531.3899999999999,2129.73,,,
BNBUSDT,MODERE,1250.54,1481.78,1582.87,2156.4700000000003,,,
BNBUSDT,MODERE,1277.78,1828.79,1828.79,2353.23,,,
BNBUSDT,MODERE,1127.94,1323.3200000000002,1678.9499999999998,2206.16,,,
BNBUSDT,MODERE,1114.5,1289.09,1665.5099999999998,2192.72,,,
BNBUSDT,MODERE,1130.0,1238.83,1681.0099999999998,2208.22,,,
BNBUSDT,MODERE,1120.17,1229.0,1473.78,2198.39,,,
BNBUSDT,MODERE,1126.36,1235.1899999999998,1479.9699999999998,2204.58,,,
BNBUSDT,MODERE,1137.87,1245.6799999999998,1491.4799999999998,2216.0899999999997,,,
BNBUSDT,AGRESSIF,28.382,33.379000000000005,33.379000000000005,,,,
BNBUSDT,AGRESSIF,28.395,33.391999999999996,33.391999999999996,,,,
BNBUSDT,AGRESSIF,28.196,33.193,33.193,,,,
BNBUSDT,AGRESSIF,33.325,38.289,42.278000000000006,,,,
BNBUSDT,AGRESSIF,33.248,37.94799999999999,41.778,,,,
BNBUSDT,AGRESSIF,33.513,38.212999999999994,42.042,,,,
BNBUSDT,AGRESSIF,34.838,40.17,42.870000000000005,,,,
BNBUSDT,AGRESSIF,34.726,40.05799999999999,42.403000000000006,,,,
BNBUSDT,AGRESSIF,35.25,40.94499999999999,42.260000000000005,,,,
BNBUSDT,AGRESSIF,35.56,42.018,43.128,,,,
BNBUSDT,AGRESSIF,38.124,42.373000000000005,47.824,,,,
BNBUSDT,AGRESSIF,39.99,43.32,50.19,,,,
BNBUSDT,AGRESSIF,40.349,45.245,52.114999999999995,,,,
BNBUSDT,AGRESSIF,41.126,48.102,54.971999999999994,,,,
BNBUSDT,AGRESSIF,40.751,47.727,54.596999999999994,,,,
BNBUSDT,AGRESSIF,41.806,48.662,55.652,,,,
BNBUSDT,AGRESSIF,41.049,47.905,54.894999999999996,,,,
BNBUSDT,AGRESSIF,41.751,48.607,55.596999999999994,,,,
BNBUSDT,AGRESSIF,41.419,48.275,55.265,,,,
BNBUSDT,AGRESSIF,41.817,48.733999999999995,55.0,,,,
BNBUSDT,AGRESSIF,42.775,48.858999999999995,55.958,,,,
BNBUSDT,AGRESSIF,43.8,49.88399999999999,56.93599999999999,,,,
BNBUSDT,AGRESSIF,43.911,49.995,57.047,,,,
BNBUSDT,AGRESSIF,44.008,50.364000000000004,57.416000000000004,,,,
BNBUSDT,AGRESSIF,40.208,50.278,50.278,,,,
BNBUSDT,AGRESSIF,40.737,50.807,50.807,,,,
BNBUSDT,AGRESSIF,41.491,51.168,51.561,,,,
BNBUSDT,AGRESSIF,45.861,55.644999999999996,57.51499999999999,,,,
BNBUSDT,AGRESSIF,45.33,54.857,57.166999999999994,,,,
BNBUSDT,AGRESSIF,45.86,54.131,57.696999999999996,,,,
BNBUSDT,AGRESSIF,41.895,52.485,54.165,,,,
BNBUSDT,AGRESSIF,41.85,47.842,54.12,,,,
BNBUSDT,AGRESSIF,43.048,49.673,55.318,,,,
BNBUSDT,AGRESSIF,42.325,46.715,52.915,,,,
BNBUSDT,AGRESSIF,48.634,58.423,61.323,,,,
BNBUSDT,AGRESSIF,48.279,58.449000000000005,61.639,,,,
BNBUSDT,AGRESSIF,51.461,63.679,67.229,,,,
BNBUSDT,AGRESSIF,52.161,62.96,68.983,,2170.0,2171.0,
BNBUSDT,AGRESSIF,53.106,64.232,70.79599999999999,,2170.0,2172.0,
BNBUSDT,AGRESSIF,56.119,68.949,75.513,,,,
BNBUSDT,AGRESSIF,135.592,217.94800000000004,242.65500000000003,,,,
BNBUSDT,AGRESSIF,128.997,153.65800000000002,229.133,,,,
BNBUSDT,AGRESSIF,128.952,153.613,228.537,,,,
BNBUSDT,AGRESSIF,140.895,170.24,240.23900000000003,,,,
BNBUSDT,AGRESSIF,168.865,220.67600000000002,288.13,,,,
BNBUSDT,AGRESSIF,166.216,225.947,293.385,,,,
BNBUSDT,AGRESSIF,179.87,243.65400000000002,311.092,,,,
BNBUSDT,AGRESSIF,232.845,355.351,421.532,,,,
BNBUSDT,AGRESSIF,259.079,470.87300000000005,545.0450000000001,,,,
BNBUSDT,AGRESSIF,248.397,373.983,482.533,,,,
BNBUSDT,AGRESSIF,254.933,380.519,487.744,,,,
BNBUSDT,AGRESSIF,229.445,326.756,462.256,,,,
BNBUSDT,AGRESSIF,255.069,325.889,487.88,,,,
BNBUSDT,AGRESSIF,246.324,316.908,470.124,,,,
BNBUSDT,AGRESSIF,250.184,320.76800000000003,473.98400000000004,,,,
BNBUSDT,AGRESSIF,249.938,320.522,473.738,,,,
BNBUSDT,AGRESSIF,245.526,316.11,469.326,,,,
BNBUSDT,AGRESSIF,241.133,282.31399999999996,366.71900000000005,,,,
BNBUSDT,AGRESSIF,553.807,751.9200000000001,847.597,,,,
BNBUSDT,AGRESSIF,581.134,809.27,904.947,,,,
BNBUSDT,AGRESSIF,570.588,769.0239999999999,854.3109999999999,,,,
BNBUSDT,AGRESSIF,533.78,700.983,757.9159999999999,,,,
BNBUSDT,AGRESSIF,575.995,712.607,775.6310000000001,,,,
BNBUSDT,AGRESSIF,567.366,703.978,767.002,,,,
BNBUSDT,AGRESSIF,560.586,680.6690000000001,759.0219999999999,,,,
BNBUSDT,AGRESSIF,564.173,665.625,762.6089999999999,,,,
BNBUSDT,AGRESSIF,563.053,664.505,761.489,,,,
BNBUSDT,AGRESSIF,569.13,670.582,767.566,,,,
BNBUSDT,AGRESSIF,620.271,725.771,849.4069999999999,,,,
BNBUSDT,AGRESSIF,623.154,728.654,852.29,,,,
BNBUSDT,AGRESSIF,464.72,539.8800000000001,596.1,,,,
BNBUSDT,AGRESSIF,485.5,583.9300000000001,640.15,,,,
BNBUSDT,AGRESSIF,488.43,577.1500000000001,645.9200000000001,,,,
BNBUSDT,AGRESSIF,503.49,576.14,643.0699999999999,,,,
BNBUSDT,AGRESSIF,481.31,563.03,629.3600000000001,,,,
BNBUSDT,AGRESSIF,481.95,540.77,616.85,,,,
BNBUSDT,AGRESSIF,480.21,525.9300000000001,615.11,,,,
BNBUSDT,AGRESSIF,492.9,546.5,622.56,,,,
BNBUSDT,AGRESSIF,482.66,536.26,612.32,,,,
BNBUSDT,AGRESSIF,495.07,554.27,576.79,,,,
BNBUSDT,AGRESSIF,471.54,523.54,564.4000000000001,,,,
BNBUSDT,AGRESSIF,478.14,511.65999999999997,571.0,,,,
BNBUSDT,AGRESSIF,554.63,631.5899999999999,689.01,1241.2939999999999,,,
BNBUSDT,AGRESSIF,568.48,630.4100000000001,708.58,1255.144,,,
BNBUSDT,AGRESSIF,580.62,653.69,731.86,1267.284,3816.0,,
BNBUSDT,AGRESSIF,595.25,682.95,761.12,1281.914,,,
BNBUSDT,AGRESSIF,608.2,718.45,796.6200000000001,1294.864,,,
BNBUSDT,AGRESSIF,641.39,773.52,881.24,1328.054,,,
BNBUSDT,AGRESSIF,653.54,779.3199999999999,893.39,1340.204,,,
BNBUSDT,AGRESSIF,651.92,726.4499999999999,891.77,1338.5839999999998,,,
BNBUSDT,AGRESSIF,339.24,385.23,431.82,914.951,,,
BNBUSDT,AGRESSIF,332.04,377.73,424.6,907.751,,,
BNBUSDT,AGRESSIF,334.82,380.51,425.44,910.531,,,
BNBUSDT,AGRESSIF,316.27,348.37,372.07,803.05,,,
BNBUSDT,AGRESSIF,317.94,345.17,371.57,804.72,,,
BNBUSDT,AGRESSIF,312.39,328.78,366.02,799.17,,,
BNBUSDT,AGRESSIF,310.99,333.36,353.06,797.77,,,
BNBUSDT,AGRESSIF,315.72,338.09000000000003,357.79,802.5,,,
BNBUSDT,AGRESSIF,319.45,343.92,355.77,806.23,,,
BNBUSDT,AGRESSIF,323.88,348.35,360.2,810.66,,,
BNBUSDT,AGRESSIF,333.73,358.31,372.44,820.51,,,
BNBUSDT,AGRESSIF,334.74,354.87,374.18,821.52,,,
BNBUSDT,AGRESSIF,345.02,378.98,399.19,831.8,,,
BNBUSDT,AGRESSIF,327.76,359.34000000000003,370.08000000000004,814.54,,,
BNBUSDT,AGRESSIF,330.82,362.34000000000003,373.14000000000004,817.5999999999999,,,
BNBUSDT,AGRESSIF,330.38,359.23,372.70000000000005,817.16,,,
BNBUSDT,AGRESSIF,331.5,358.1,373.82000000000005,818.28,,,
BNBUSDT,AGRESSIF,338.03,363.28999999999996,374.49,824.81,,,
BNBUSDT,AGRESSIF,341.95,370.57,378.41,828.73,,,
BNBUSDT,AGRESSIF,330.63,354.07,367.09000000000003,817.41,,,
BNBUSDT,AGRESSIF,335.48,363.06,371.94000000000005,822.26,,,
BNBUSDT,AGRESSIF,330.09,355.08,366.55,816.8699999999999,,,
BNBUSDT,AGRESSIF,326.76,344.71,356.69,813.54,,,
BNBUSDT,AGRESSIF,264.51,288.90999999999997,314.9599999999999,541.54,,,
BNBUSDT,AGRESSIF,264.89,285.91999999999996,315.3399999999999,541.92,,,
BNBUSDT,AGRESSIF,289.78,319.2,347.71999999999997,566.81,,,
BNBUSDT,AGRESSIF,322.09,387.33,427.81,599.1199999999999,,,
BNBUSDT,AGRESSIF,315.28,369.71,421.0,592.31,,,
BNBUSDT,AGRESSIF,311.33,364.06,417.05,588.3599999999999,,,
BNBUSDT,AGRESSIF,313.49,362.41,400.98,561.96,,,
BNBUSDT,AGRESSIF,323.02,371.94,404.55,571.49,,,
BNBUSDT,AGRESSIF,301.28,338.71,375.28999999999996,549.75,,,
BNBUSDT,AGRESSIF,305.99,334.11,358.72,554.46,,,
BNBUSDT,AGRESSIF,307.62,329.02000000000004,359.97,556.09,,,
BNBUSDT,AGRESSIF,308.9,336.88,361.25,557.37,,,
BNBUSDT,AGRESSIF,313.25,344.93,362.17,544.28,,,
BNBUSDT,AGRESSIF,317.14,350.89,366.06,548.17,,,
BNBUSDT,AGRESSIF,317.59,351.34,366.51,548.62,,,
BNBUSDT,AGRESSIF,316.94,350.69,365.86,547.97,,,
BNBUSDT,AGRESSIF,308.9,342.65,357.82,539.93,,,
BNBUSDT,AGRESSIF,313.71,337.05,351.83,544.74,,,
BNBUSDT,AGRESSIF,310.99,334.33000000000004,349.11,542.02,,,
BNBUSDT,AGRESSIF,292.09,326.21,326.86,523.12,,,
BNBUSDT,AGRESSIF,324.84,350.5,361.0,541.78,,,
BNBUSDT,AGRESSIF,325.5,340.82,359.65000000000003,542.44,8795.0,8797.0,
BNBUSDT,AGRESSIF,327.8,343.12,361.95000000000005,544.74,8796.0,8832.0,
BNBUSDT,AGRESSIF,332.65,350.97999999999996,369.81,549.59,8798.0,8834.0,
BNBUSDT,AGRESSIF,383.86,427.67,457.38,600.8000000000001,,,
BNBUSDT,AGRESSIF,388.72,427.75000000000006,463.73,605.6600000000001,,,
BNBUSDT,AGRESSIF,388.28,428.10999999999996,464.0899999999999,605.22,,,
BNBUSDT,AGRESSIF,400.18,436.54,487.49,617.12,,,
BNBUSDT,AGRESSIF,406.57,455.41,506.36,623.51,,,
BNBUSDT,AGRESSIF,414.35,457.91,496.34000000000003,631.2900000000001,,,
BNBUSDT,AGRESSIF,409.65,452.96,491.64,626.59,,,
BNBUSDT,AGRESSIF,409.99,447.90000000000003,491.98,626.9300000000001,,,
BNBUSDT,AGRESSIF,411.17,449.08000000000004,493.16,628.11,,,
BNBUSDT,AGRESSIF,410.78,448.69,492.77,627.72,,,
BNBUSDT,AGRESSIF,487.16,627.36,627.36,731.11,,,
BNBUSDT,AGRESSIF,487.22,629.55,629.55,731.1700000000001,,,
BNBUSDT,AGRESSIF,488.06,630.39,630.39,732.01,,,
BNBUSDT,AGRESSIF,503.89,656.77,656.77,747.84,,,
BNBUSDT,AGRESSIF,532.41,718.9599999999999,718.9599999999999,776.36,,,
BNBUSDT,AGRESSIF,530.78,697.25,717.3299999999999,774.73,,,
BNBUSDT,AGRESSIF,518.34,633.5699999999999,704.89,855.47,,,
BNBUSDT,AGRESSIF,523.06,638.29,709.6099999999999,860.1899999999998,,,
BNBUSDT,AGRESSIF,534.95,650.1800000000001,721.5,872.0799999999999,,,
BNBUSDT,AGRESSIF,565.75,674.82,859.83,1010.4100000000001,,,
BNBUSDT,AGRESSIF,557.0,705.09,817.27,1001.6600000000001,,,
BNBUSDT,AGRESSIF,554.14,646.89,776.9000000000001,998.8,,,
BNBUSDT,AGRESSIF,575.95,668.7,798.71,1020.6100000000001,,,
BNBUSDT,AGRESSIF,584.31,677.06,799.3299999999999,1028.97,,,
BNBUSDT,AGRESSIF,554.32,644.1800000000001,738.4100000000001,998.98,,,
BNBUSDT,AGRESSIF,560.84,648.4100000000001,727.6600000000001,1005.5,,,
BNBUSDT,AGRESSIF,564.27,651.8399999999999,728.4100000000001,1008.9300000000001,,,
BNBUSDT,AGRESSIF,568.36,655.9300000000001,730.1200000000001,1013.02,,,
BNBUSDT,AGRESSIF,580.57,644.6600000000001,728.6600000000001,1025.23,,,
BNBUSDT,AGRESSIF,569.99,634.08,718.08,1014.6500000000001,,,
BNBUSDT,AGRESSIF,616.83,683.1500000000001,764.9200000000001,1061.49,,,
BNBUSDT,AGRESSIF,607.56,674.4899999999999,755.65,1052.22,,,
BNBUSDT,AGRESSIF,604.51,662.8699999999999,752.6,1049.17,,,
BNBUSDT,AGRESSIF,604.52,662.8799999999999,752.61,1049.18,,,
BNBUSDT,AGRESSIF,607.74,666.0999999999999,734.6,1052.4,,,
BNBUSDT,AGRESSIF,582.75,652.49,698.81,1027.41,,,
BNBUSDT,AGRESSIF,580.95,649.74,667.51,1025.6100000000001,,,
BNBUSDT,AGRESSIF,582.92,651.7099999999999,669.4799999999999,1027.58,,,
BNBUSDT,AGRESSIF,583.45,641.3100000000001,670.01,1028.1100000000001,,,
BNBUSDT,AGRESSIF,585.01,642.87,666.7399999999999,1029.67,,,
BNBUSDT,AGRESSIF,605.08,652.13,686.81,1049.74,,,
BNBUSDT,AGRESSIF,614.03,661.0799999999999,695.7599999999999,1058.69,,,
BNBUSDT,AGRESSIF,621.23,681.73,713.9,1065.89,,,
BNBUSDT,AGRESSIF,559.81,632.5699999999999,702.81,1004.47,,,
BNBUSDT,AGRESSIF,560.27,633.03,703.27,1004.9300000000001,,,
BNBUSDT,AGRESSIF,567.8,623.56,710.8,1012.46,,,
BNBUSDT,AGRESSIF,607.61,678.81,750.61,1052.27,,,
BNBUSDT,AGRESSIF,581.2,636.86,673.76,1102.97,,,
BNBUSDT,AGRESSIF,599.43,635.4399999999999,666.99,1121.1999999999998,,,
BNBUSDT,AGRESSIF,589.32,622.8100000000001,637.0400000000001,1111.0900000000001,,,
BNBUSDT,AGRESSIF,594.48,627.97,642.2,1116.25,,,
BNBUSDT,AGRESSIF,605.88,652.01,653.6,1127.65,,,
BNBUSDT,AGRESSIF,610.49,656.8,658.21,1132.26,,,
BNBUSDT,AGRESSIF,604.22,652.26,652.26,1125.99,,,
BNBUSDT,AGRESSIF,552.5,606.16,622.06,1074.27,,,
BNBUSDT,AGRESSIF,623.69,693.3800000000001,748.97,1145.46,,,
BNBUSDT,AGRESSIF,631.05,700.74,756.3299999999999,1152.82,,,
BNBUSDT,AGRESSIF,623.78,693.47,749.06,1145.55,,,
BNBUSDT,AGRESSIF,639.33,701.82,764.61,1161.1,,,
BNBUSDT,AGRESSIF,627.12,685.5999999999999,752.4,1148.8899999999999,,,
BNBUSDT,AGRESSIF,625.61,672.9200000000001,706.9300000000001,1147.38,,,
BNBUSDT,AGRESSIF,645.0,703.1800000000001,725.38,1166.77,,,
BNBUSDT,AGRESSIF,664.61,739.25,744.99,1186.38,,,
BNBUSDT,AGRESSIF,663.53,747.47,752.61,1185.3,,,
BNBUSDT,AGRESSIF,658.13,746.5500000000001,753.21,1179.9,,,
BNBUSDT,AGRESSIF,658.18,746.6,753.26,1179.9499999999998,,,
BNBUSDT,AGRESSIF,656.83,734.1000000000001,751.9100000000001,1178.6,,,
BNBUSDT,AGRESSIF,673.6,751.57,768.6800000000001,1195.37,,,
BNBUSDT,AGRESSIF,656.65,734.62,751.73,1178.42,,,
BNBUSDT,AGRESSIF,738.77,910.27,932.85,1260.54,,,
BNBUSDT,AGRESSIF,739.25,910.75,933.33,1261.02,,,
BNBUSDT,AGRESSIF,746.56,918.06,940.64,1268.33,,,
BNBUSDT,AGRESSIF,755.79,927.29,949.87,1277.56,,,
BNBUSDT,AGRESSIF,722.0,826.0,916.08,1314.57,,,
BNBUSDT,AGRESSIF,715.8,787.49,909.88,1308.37,,,
BNBUSDT,AGRESSIF,707.7,836.3900000000001,893.48,1300.27,,,
BNBUSDT,AGRESSIF,704.92,833.61,876.42,1297.4899999999998,,,
BNBUSDT,AGRESSIF,716.09,827.51,887.59,1308.6599999999999,,,
BNBUSDT,AGRESSIF,708.73,820.15,880.23,1301.3,,,
BNBUSDT,AGRESSIF,727.86,839.28,899.36,1320.4299999999998,,,
BNBUSDT,AGRESSIF,719.55,792.3699999999999,891.05,1312.12,,,
BNBUSDT,AGRESSIF,719.53,792.3499999999999,891.03,1312.1,,,
BNBUSDT,AGRESSIF,711.69,767.35,883.19,1304.26,,,
BNBUSDT,AGRESSIF,727.13,762.05,898.63,1319.6999999999998,,,
BNBUSDT,AGRESSIF,730.69,771.6800000000001,902.19,1323.26,,,
BNBUSDT,AGRESSIF,667.68,788.13,811.83,1260.25,,,
BNBUSDT,AGRESSIF,703.41,791.87,823.86,1295.98,,,
BNBUSDT,AGRESSIF,702.13,777.3100000000001,822.58,1294.6999999999998,,,
BNBUSDT,AGRESSIF,705.91,781.09,826.36,1298.48,,,
BNBUSDT,AGRESSIF,691.08,773.2900000000001,811.5300000000001,1283.65,,,
BNBUSDT,AGRESSIF,721.02,778.0999999999999,841.47,1313.59,,,
BNBUSDT,AGRESSIF,687.27,759.5699999999999,759.5699999999999,1279.84,,,
BNBUSDT,AGRESSIF,658.19,710.86,768.72,1250.76,,,
BNBUSDT,AGRESSIF,644.98,682.5,755.51,1237.55,,,
BNBUSDT,AGRESSIF,651.32,684.37,761.85,1243.8899999999999,,,
BNBUSDT,AGRESSIF,638.35,666.7600000000001,748.88,1230.92,,,
BNBUSDT,AGRESSIF,645.28,673.69,755.81,1237.85,,,
BNBUSDT,AGRESSIF,650.37,677.4000000000001,750.9699999999999,1242.94,11567.0,11923.0,
BNBUSDT,AGRESSIF,657.01,683.53,757.6099999999999,1249.58,11567.0,11926.0,
BNBUSDT,AGRESSIF,653.2,689.7500000000001,753.8,1245.77,,,
BNBUSDT,AGRESSIF,667.89,719.3299999999999,728.28,1260.46,,,
BNBUSDT,AGRESSIF,672.04,710.0999999999999,732.43,1264.61,,,
BNBUSDT,AGRESSIF,686.79,729.48,751.63,1279.36,,,
BNBUSDT,AGRESSIF,688.58,728.57,745.4,1274.48,,,
BNBUSDT,AGRESSIF,704.87,752.83,769.37,1281.8200000000002,,,
BNBUSDT,AGRESSIF,785.98,853.92,921.53,1357.56,11970.0,12248.0,
BNBUSDT,AGRESSIF,793.57,861.51,929.12,1365.15,,,
BNBUSDT,AGRESSIF,794.78,862.7199999999999,930.3299999999999,1366.3600000000001,,,
BNBUSDT,AGRESSIF,804.11,913.61,990.87,1429.6100000000001,,,
BNBUSDT,AGRESSIF,812.15,886.6,943.48,1451.4099999999999,,,
BNBUSDT,AGRESSIF,821.74,902.4300000000001,953.07,1461.0,,,
BNBUSDT,AGRESSIF,828.0,907.05,967.72,1467.26,,,
BNBUSDT,AGRESSIF,845.18,917.6299999999999,984.9,1484.44,,,
BNBUSDT,AGRESSIF,854.62,927.0699999999999,994.34,1493.88,,,
BNBUSDT,AGRESSIF,866.77,932.77,1003.78,1514.42,,,
BNBUSDT,AGRESSIF,895.5,976.2900000000001,1014.36,1543.15,,,
BNBUSDT,AGRESSIF,901.01,984.23,1021.67,1548.6599999999999,,,
BNBUSDT,AGRESSIF,941.84,1014.22,1045.93,1611.5900000000001,,,
BNBUSDT,AGRESSIF,937.16,1009.9399999999999,1041.65,1606.9099999999999,,,
BNBUSDT,AGRESSIF,998.81,1089.29,1159.21,1683.6799999999998,,,
BNBUSDT,AGRESSIF,992.42,1089.6100000000001,1159.53,1677.29,,,
BNBUSDT,AGRESSIF,1021.63,1136.91,1201.5300000000002,1706.5,,,
BNBUSDT,AGRESSIF,1044.28,1177.23,1244.53,1729.15,,,
BNBUSDT,AGRESSIF,1016.2,1137.3600000000001,1225.65,1815.1,,,
BNBUSDT,AGRESSIF,1018.81,1139.9699999999998,1225.58,1817.71,,,
BNBUSDT,AGRESSIF,1030.43,1134.54,1203.71,1827.25,,,
BNBUSDT,AGRESSIF,1020.63,1124.74,1193.9099999999999,1817.4499999999998,,,
BNBUSDT,AGRESSIF,1005.1,1109.21,1172.1599999999999,1801.92,,,
BNBUSDT,AGRESSIF,1019.97,1104.99,1171.58,1816.79,12371.0,12375.0,
BNBUSDT,AGRESSIF,1026.85,1107.81,1178.46,1823.6699999999998,12371.0,12375.0,
BNBUSDT,AGRESSIF,1031.25,1106.38,1182.8600000000001,1828.07,12371.0,12375.0,
BNBUSDT,AGRESSIF,1223.8,1436.53,1531.3899999999999,2129.73,,,
BNBUSDT,AGRESSIF,1250.54,1481.78,1582.87,2156.4700000000003,,,
BNBUSDT,AGRESSIF,1277.78,1828.79,1828.79,2353.23,,,
BNBUSDT,AGRESSIF,1127.94,1323.3200000000002,1678.9499999999998,2206.16,,,
BNBUSDT,AGRESSIF,1114.5,1289.09,1665.5099999999998,2192.72,,,
BNBUSDT,AGRESSIF,1130.0,1238.83,1681.0099999999998,2208.22,,,
BNBUSDT,AGRESSIF,1120.17,1229.0,1473.78,2198.39,,,
BNBUSDT,AGRESSIF,1126.36,1235.1899999999998,1479.9699999999998,2204.58,,,
BNBUSDT,AGRESSIF,1137.87,1245.6799999999998,1491.4799999999998,2216.0899999999997,,,
BNBUSDT,TRES_AGRESSIF,28.382,33.379000000000005,33.379000000000005,,,,
BNBUSDT,TRES_AGRESSIF,28.395,33.391999999999996,33.391999999999996,,,,
BNBUSDT,TRES_AGRESSIF,28.196,33.193,33.193,,,,
BNBUSDT,TRES_AGRESSIF,33.325,38.289,42.278000000000006,,,,
BNBUSDT,TRES_AGRESSIF,33.248,37.94799999999999,41.778,,,,
BNBUSDT,TRES_AGRESSIF,33.513,38.212999999999994,42.042,,,,
BNBUSDT,TRES_AGRESSIF,34.838,40.17,42.870000000000005,,,,
BNBUSDT,TRES_AGRESSIF,34.726,40.05799999999999,42.403000000000006,,,,
BNBUSDT,TRES_AGRESSIF,35.25,40.94499999999999,42.260000000000005,,,,
BNBUSDT,TRES_AGRESSIF,35.56,42.018,43.128,,,,
BNBUSDT,TRES_AGRESSIF,38.124,42.373000000000005,47.824,,,,
BNBUSDT,TRES_AGRESSIF,39.99,43.32,50.19,,,,
BNBUSDT,TRES_AGRESSIF,40.349,45.245,52.114999999999995,,,,
BNBUSDT,TRES_AGRESSIF,41.126,48.102,54.971999999999994,,,,
BNBUSDT,TRES_AGRESSIF,40.751,47.727,54.596999999999994,,,,
BNBUSDT,TRES_AGRESSIF,41.806,48.662,55.652,,,,
BNBUSDT,TRES_AGRESSIF,41.049,47.905,54.894999999999996,,,,
BNBUSDT,TRES_AGRESSIF,41.751,48.607,55.596999999999994,,,,
BNBUSDT,TRES_AGRESSIF,41.419,48.275,55.265,,,,
BNBUSDT,TRES_AGRESSIF,41.817,48.733999999999995,55.0,,,,
BNBUSDT,TRES_AGRESSIF,42.775,48.858999999999995,55.958,,,,
BNBUSDT,TRES_AGRESSIF,43.8,49.88399999999999,56.93599999999999,,,,
BNBUSDT,TRES_AGRESSIF,43.911,49.995,57.047,,,,
BNBUSDT,TRES_AGRESSIF,44.008,50.364000000000004,57.416000000000004,,,,
BNBUSDT,TRES_AGRESSIF,40.208,50.278,50.278,,,,
BNBUSDT,TRES_AGRESSIF,40.737,50.807,50.807,,,,
BNBUSDT,TRES_AGRESSIF,41.491,51.168,51.561,,,,
BNBUSDT,TRES_AGRESSIF,45.861,55.644999999999996,57.51499999999999,,,,
BNBUSDT,TRES_AGRESSIF,45.33,54.857,57.166999999999994,,,,
BNBUSDT,TRES_AGRESSIF,45.86,54.131,57.696999999999996,,,,
BNBUSDT,TRES_AGRESSIF,41.895,52.485,54.165,,,,
BNBUSDT,TRES_AGRESSIF,41.85,47.842,54.12,,,,
BNBUSDT,TRES_AGRESSIF,43.048,49.673,55.318,,,,
BNBUSDT,TRES_AGRESSIF,42.325,46.715,52.915,,,,
BNBUSDT,TRES_AGRESSIF,48.634,58.423,61.323,,,,
BNBUSDT,TRES_AGRESSIF,48.279,58.449000000000005,61.639,,,,
BNBUSDT,TRES_AGRESSIF,51.461,63.679,67.229,,,,
BNBUSDT,TRES_AGRESSIF,52.161,62.96,68.983,,2170.0,2171.0,
BNBUSDT,TRES_AGRESSIF,53.106,64.232,70.79599999999999,,2170.0,2172.0,
BNBUSDT,TRES_AGRESSIF,56.119,68.949,75.513,,,,
BNBUSDT,TRES_AGRESSIF,135.592,217.94800000000004,242.65500000000003,,,,
BNBUSDT,TRES_AGRESSIF,128.997,153.65800000000002,229.133,,,,
BNBUSDT,TRES_AGRESSIF,128.952,153.613,228.537,,,,
BNBUSDT,TRES_AGRESSIF,140.895,170.24,240.23900000000003,,,,
BNBUSDT,TRES_AGRESSIF,168.865,220.67600000000002,288.13,,,,
BNBUSDT,TRES_AGRESSIF,166.216,225.947,293.385,,,,
BNBUSDT,TRES_AGRESSIF,179.87,243.65400000000002,311.092,,,,
BNBUSDT,TRES_AGRESSIF,232.845,355.351,421.532,,,,
BNBUSDT,TRES_AGRESSIF,259.079,470.87300000000005,545.0450000000001,,,,
BNBUSDT,TRES_AGRESSIF,248.397,373.983,482.533,,,,
BNBUSDT,TRES_AGRESSIF,254.933,380.519,487.744,,,,
BNBUSDT,TRES_AGRESSIF,229.445,326.756,462.256,,,,
BNBUSDT,TRES_AGRESSIF,255.069,325.889,487.88,,,,
BNBUSDT,TRES_AGRESSIF,246.324,316.908,470.124,,,,
BNBUSDT,TRES_AGRESSIF,250.184,320.76800000000003,473.98400000000004,,,,
BNBUSDT,TRES_AGRESSIF,249.938,320.522,473.738,,,,
BNBUSDT,TRES_AGRESSIF,245.526,316.11,469.326,,,,
BNBUSDT,TRES_AGRESSIF,241.133,282.31399999999996,366.71900000000005,,,,
BNBUSDT,TRES_AGRESSIF,553.807,751.9200000000001,847.597,,,,
BNBUSDT,TRES_AGRESSIF,581.134,809.27,904.947,,,,
BNBUSDT,TRES_AGRESSIF,570.588,769.0239999999999,854.3109999999999,,,,
BNBUSDT,TRES_AGRESSIF,533.78,700.983,757.9159999999999,,,,
BNBUSDT,TRES_AGRESSIF,575.995,712.607,775.6310000000001,,,,
BNBUSDT,TRES_AGRESSIF,567.366,703.978,767.002,,,,
BNBUSDT,TRES_AGRESSIF,560.586,680.6690000000001,759.0219999999999,,,,
BNBUSDT,TRES_AGRESSIF,564.173,665.625,762.6089999999999,,,,
BNBUSDT,TRES_AGRESSIF,563.053,664.505,761.489,,,,
BNBUSDT,TRES_AGRESSIF,569.13,670.582,767.566,,,,
BNBUSDT,TRES_AGRESSIF,620.271,725.771,849.4069999999999,,,,
BNBUSDT,TRES_AGRESSIF,623.154,728.654,852.29,,,,
BNBUSDT,TRES_AGRESSIF,464.72,539.8800000000001,596.1,,,,
BNBUSDT,TRES_AGRESSIF,485.5,583.9300000000001,640.15,,,,
BNBUSDT,TRES_AGRESSIF,488.43,577.1500000000001,645.9200000000001,,,,
BNBUSDT,TRES_AGRESSIF,503.49,576.14,643.0699999999999,,,,
BNBUSDT,TRES_AGRESSIF,481.31,563.03,629.3600000000001,,,,
BNBUSDT,TRES_AGRESSIF,481.95,540.77,616.85,,,,
BNBUSDT,TRES_AGRESSIF,480.21,525.9300000000001,615.11,,,,
BNBUSDT,TRES_AGRESSIF,492.9,546.5,622.56,,,,
BNBUSDT,TRES_AGRESSIF,482.66,536.26,612.32,,,,
BNBUSDT,TRES_AGRESSIF,495.07,554.27,576.79,,,,
BNBUSDT,TRES_AGRESSIF,471.54,523.54,564.4000000000001,,,,
BNBUSDT,TRES_AGRESSIF,478.14,511.65999999999997,571.0,,,,
BNBUSDT,TRES_AGRESSIF,554.63,631.5899999999999,689.01,1241.2939999999999,,,
BNBUSDT,TRES_AGRESSIF,568.48,630.4100000000001,708.58,1255.144,,,
BNBUSDT,TRES_AGRESSIF,580.62,653.69,731.86,1267.284,3816.0,,
BNBUSDT,TRES_AGRESSIF,595.25,682.95,761.12,1281.914,,,
BNBUSDT,TRES_AGRESSIF,608.2,718.45,796.6200000000001,1294.864,,,
BNBUSDT,TRES_AGRESSIF,641.39,773.52,881.24,1328.054,,,
BNBUSDT,TRES_AGRESSIF,653.54,779.3199999999999,893.39,1340.204,,,
BNBUSDT,TRES_AGRESSIF,651.92,726.4499999999999,891.77,1338.5839999999998,,,
BNBUSDT,TRES_AGRESSIF,339.24,385.23,431.82,914.951,,,
BNBUSDT,TRES_AGRESSIF,332.04,377.73,424.6,907.751,,,
BNBUSDT,TRES_AGRESSIF,334.82,380.51,425.44,910.531,,,
BNBUSDT,TRES_AGRESSIF,316.27,348.37,372.07,803.05,,,
BNBUSDT,TRES_AGRESSIF,317.94,345.17,371.57,804.72,,,
BNBUSDT,TRES_AGRESSIF,312.39,328.78,366.02,799.17,,,
BNBUSDT,TRES_AGRESSIF,310.99,333.36,353.06,797.77,,,
BNBUSDT,TRES_AGRESSIF,315.72,338.09000000000003,357.79,802.5,,,
BNBUSDT,TRES_AGRESSIF,319.45,343.92,355.77,806.23,,,
BNBUSDT,TRES_AGRESSIF,323.88,348.35,360.2,810.66,,,
BNBUSDT,TRES_AGRESSIF,333.73,358.31,372.44,820.51,,,
BNBUSDT,TRES_AGRESSIF,334.74,354.87,374.18,821.52,,,
BNBUSDT,TRES_AGRESSIF,345.02,378.98,399.19,831.8,,,
BNBUSDT,TRES_AGRESSIF,327.76,359.34000000000003,370.08000000000004,814.54,,,
BNBUSDT,TRES_AGRESSIF,330.82,362.34000000000003,373.14000000000004,817.5999999999999,,,
BNBUSDT,TRES_AGRESSIF,330.38,359.23,372.70000000000005,817.16,,,
BNBUSDT,TRES_AGRESSIF,331.5,358.1,373.82000000000005,818.28,,,
BNBUSDT,TRES_AGRESSIF,338.03,363.28999999999996,374.49,824.81,,,
BNBUSDT,TRES_AGRESSIF,341.95,370.57,378.41,828.73,,,
BNBUSDT,TRES_AGRESSIF,330.63,354.07,367.09000000000003,817.41,,,
BNBUSDT,TRES_AGRESSIF,335.48,363.06,371.94000000000005,822.26,,,
BNBUSDT,TRES_AGRESSIF,330.09,355.08,366.55,816.8699999999999,,,
BNBUSDT,TRES_AGRESSIF,326.76,344.71,356.69,813.54,,,
BNBUSDT,TRES_AGRESSIF,264.51,288.90999999999997,314.9599999999999,541.54,,,
BNBUSDT,TRES_AGRESSIF,264.89,285.91999999999996,315.3399999999999,541.92,,,
BNBUSDT,TRES_AGRESSIF,289.78,319.2,347.71999999999997,566.81,,,
BNBUSDT,TRES_AGRESSIF,322.09,387.33,427.81,599.1199999999999,,,
BNBUSDT,TRES_AGRESSIF,315.28,369.71,421.0,592.31,,,
BNBUSDT,TRES_AGRESSIF,311.33,364.06,417.05,588.3599999999999,,,
BNBUSDT,TRES_AGRESSIF,313.49,362.41,400.98,561.96,,,
BNBUSDT,TRES_AGRESSIF,323.02,371.94,404.55,571.49,,,
BNBUSDT,TRES_AGRESSIF,301.28,338.71,375.28999999999996,549.75,,,
BNBUSDT,TRES_AGRESSIF,305.99,334.11,358.72,554.46,,,
BNBUSDT,TRES_AGRESSIF,307.62,329.02000000000004,359.97,556.09,,,
BNBUSDT,TRES_AGRESSIF,308.9,336.88,361.25,557.37,,,
BNBUSDT,TRES_AGRESSIF,313.25,344.93,362.17,544.28,,,
BNBUSDT,TRES_AGRESSIF,317.14,350.89,366.06,548.17,,,
BNBUSDT,TRES_AGRESSIF,317.59,351.34,366.51,548.62,,,
BNBUSDT,TRES_AGRESSIF,316.94,350.69,365.86,547.97,,,
BNBUSDT,TRES_AGRESSIF,308.9,342.65,357.82,539.93,,,
BNBUSDT,TRES_AGRESSIF,313.71,337.05,351.83,544.74,,,
BNBUSDT,TRES_AGRESSIF,310.99,334.33000000000004,349.11,542.02,,,
BNBUSDT,TRES_AGRESSIF,292.09,326.21,326.86,523.12,,,
BNBUSDT,TRES_AGRESSIF,324.84,350.5,361.0,541.78,,,
BNBUSDT,TRES_AGRESSIF,325.5,340.82,359.65000000000003,542.44,8795.0,8797.0,
BNBUSDT,TRES_AGRESSIF,327.8,343.12,361.95000000000005,544.74,8796.0,8832.0,
BNBUSDT,TRES_AGRESSIF,332.65,350.97999999999996,369.81,549.59,8798.0,8834.0,
BNBUSDT,TRES_AGRESSIF,383.86,427.67,457.38,600.8000000000001,,,
BNBUSDT,TRES_AGRESSIF,388.72,427.75000000000006,463.73,605.6600000000001,,,
BNBUSDT,TRES_AGRESSIF,388.28,428.10999999999996,464.0899999999999,605.22,,,
BNBUSDT,TRES_AGRESSIF,400.18,436.54,487.49,617.12,,,
BNBUSDT,TRES_AGRESSIF,406.57,455.41,506.36,623.51,,,
BNBUSDT,TRES_AGRESSIF,414.35,457.91,496.34000000000003,631.2900000000001,,,
BNBUSDT,TRES_AGRESSIF,409.65,452.96,491.64,626.59,,,
BNBUSDT,TRES_AGRESSIF,409.99,447.90000000000003,491.98,626.9300000000001,,,
BNBUSDT,TRES_AGRESSIF,411.17,449.08000000000004,493.16,628.11,,,
BNBUSDT,TRES_AGRESSIF,410.78,448.69,492.77,627.72,,,
BNBUSDT,TRES_AGRESSIF,487.16,627.36,627.36,731.11,,,
BNBUSDT,TRES_AGRESSIF,487.22,629.55,629.55,731.1700000000001,,,
BNBUSDT,TRES_AGRESSIF,488.06,630.39,630.39,732.01,,,
BNBUSDT,TRES_AGRESSIF,503.89,656.77,656.77,747.84,,,
BNBUSDT,TRES_AGRESSIF,532.41,718.9599999999999,718.9599999999999,776.36,,,
BNBUSDT,TRES_AGRESSIF,530.78,697.25,717.3299999999999,774.73,,,
BNBUSDT,TRES_AGRESSIF,518.34,633.5699999999999,704.89,855.47,,,
BNBUSDT,TRES_AGRESSIF,523.06,638.29,709.6099999999999,860.1899999999998,,,
BNBUSDT,TRES_AGRESSIF,534.95,650.1800000000001,721.5,872.0799999999999,,,
BNBUSDT,TRES_AGRESSIF,565.75,674.82,859.83,1010.4100000000001,,,
BNBUSDT,TRES_AGRESSIF,557.0,705.09,817.27,1001.6600000000001,,,
BNBUSDT,TRES_AGRESSIF,554.14,646.89,776.9000000000001,998.8,,,
BNBUSDT,TRES_AGRESSIF,575.95,668.7,798.71,1020.6100000000001,,,
BNBUSDT,TRES_AGRESSIF,584.31,677.06,799.3299999999999,1028.97,,,
BNBUSDT,TRES_AGRESSIF,554.32,644.1800000000001,738.4100000000001,998.98,,,
BNBUSDT,TRES_AGRESSIF,560.84,648.4100000000001,727.6600000000001,1005.5,,,
BNBUSDT,TRES_AGRESSIF,564.27,651.8399999999999,728.4100000000001,1008.9300000000001,,,
BNBUSDT,TRES_AGRESSIF,568.36,655.9300000000001,730.1200000000001,1013.02,,,
BNBUSDT,TRES_AGRESSIF,580.57,644.6600000000001,728.6600000000001,1025.23,,,
BNBUSDT,TRES_AGRESSIF,569.99,634.08,718.08,1014.6500000000001,,,
BNBUSDT,TRES_AGRESSIF,616.83,683.1500000000001,764.9200000000001,1061.49,,,
BNBUSDT,TRES_AGRESSIF,607.56,674.4899999999999,755.65,1052.22,,,
BNBUSDT,TRES_AGRESSIF,604.51,662.8699999999999,752.6,1049.17,,,
BNBUSDT,TRES_AGRESSIF,604.52,662.8799999999999,752.61,1049.18,,,
BNBUSDT,TRES_AGRESSIF,607.74,666.0999999999999,734.6,1052.4,,,
BNBUSDT,TRES_AGRESSIF,582.75,652.49,698.81,1027.41,,,
BNBUSDT,TRES_AGRESSIF,580.95,649.74,667.51,1025.6100000000001,,,
BNBUSDT,TRES_AGRESSIF,582.92,651.7099999999999,669.4799999999999,1027.58,,,
BNBUSDT,TRES_AGRESSIF,583.45,641.3100000000001,670.01,1028.1100000000001,,,
BNBUSDT,TRES_AGRESSIF,585.01,642.87,666.7399999999999,1029.67,,,
BNBUSDT,TRES_AGRESSIF,605.08,652.13,686.81,1049.74,,,
BNBUSDT,TRES_AGRESSIF,614.03,661.0799999999999,695.7599999999999,1058.69,,,
BNBUSDT,TRES_AGRESSIF,621.23,681.73,713.9,1065.89,,,
BNBUSDT,TRES_AGRESSIF,559.81,632.5699999999999,702.81,1004.47,,,
BNBUSDT,TRES_AGRESSIF,560.27,633.03,703.27,1004.9300000000001,,,
BNBUSDT,TRES_AGRESSIF,567.8,623.56,710.8,1012.46,,,
BNBUSDT,TRES_AGRESSIF,607.61,678.81,750.61,1052.27,,,
BNBUSDT,TRES_AGRESSIF,581.2,636.86,673.76,1102.97,,,
BNBUSDT,TRES_AGRESSIF,599.43,635.4399999999999,666.99,1121.1999999999998,,,
BNBUSDT,TRES_AGRESSIF,589.32,622.8100000000001,637.0400000000001,1111.0900000000001,,,
BNBUSDT,TRES_AGRESSIF,594.48,627.97,642.2,1116.25,,,
BNBUSDT,TRES_AGRESSIF,605.88,652.01,653.6,1127.65,,,
BNBUSDT,TRES_AGRESSIF,610.49,656.8,658.21,1132.26,,,
BNBUSDT,TRES_AGRESSIF,604.22,652.26,652.26,1125.99,,,
BNBUSDT,TRES_AGRESSIF,552.5,606.16,622.06,1074.27,,,
BNBUSDT,TRES_AGRESSIF,623.69,693.3800000000001,748.97,1145.46,,,
BNBUSDT,TRES_AGRESSIF,631.05,700.74,756.3299999999999,1152.82,,,
BNBUSDT,TRES_AGRESSIF,623.78,693.47,749.06,1145.55,,,
BNBUSDT,TRES_AGRESSIF,639.33,701.82,764.61,1161.1,,,
BNBUSDT,TRES_AGRESSIF,627.12,685.5999999999999,752.4,1148.8899999999999,,,
BNBUSDT,TRES_AGRESSIF,625.61,672.9200000000001,706.9300000000001,1147.38,,,
BNBUSDT,TRES_AGRESSIF,645.0,703.1800000000001,725.38,1166.77,,,
BNBUSDT,TRES_AGRESSIF,664.61,739.25,744.99,1186.38,,,
BNBUSDT,TRES_AGRESSIF,663.53,747.47,752.61,1185.3,,,
BNBUSDT,TRES_AGRESSIF,658.13,746.5500000000001,753.21,1179.9,,,
BNBUSDT,TRES_AGRESSIF,658.18,746.6,753.26,1179.9499999999998,,,
BNBUSDT,TRES_AGRESSIF,656.83,734.1000000000001,751.9100000000001,1178.6,,,
BNBUSDT,TRES_AGRESSIF,673.6,751.57,768.6800000000001,1195.37,,,
BNBUSDT,TRES_AGRESSIF,656.65,734.62,751.73,1178.42,,,
BNBUSDT,TRES_AGRESSIF,738.77,910.27,932.85,1260.54,,,
BNBUSDT,TRES_AGRESSIF,739.25,910.75,933.33,1261.02,,,
BNBUSDT,TRES_AGRESSIF,746.56,918.06,940.64,1268.33,,,
BNBUSDT,TRES_AGRESSIF,755.79,927.29,949.87,1277.56,,,
BNBUSDT,TRES_AGRESSIF,722.0,826.0,916.08,1314.57,,,
BNBUSDT,TRES_AGRESSIF,715.8,787.49,909.88,1308.37,,,
BNBUSDT,TRES_AGRESSIF,707.7,836.3900000000001,893.48,1300.27,,,
BNBUSDT,TRES_AGRESSIF,704.92,833.61,876.42,1297.4899999999998,,,
BNBUSDT,TRES_AGRESSIF,716.09,827.51,887.59,1308.6599999999999,,,
BNBUSDT,TRES_AGRESSIF,708.73,820.15,880.23,1301.3,,,
BNBUSDT,TRES_AGRESSIF,727.86,839.28,899.36,1320.4299999999998,,,
BNBUSDT,TRES_AGRESSIF,719.55,792.3699999999999,891.05,1312.12,,,
BNBUSDT,TRES_AGRESSIF,719.53,792.3499999999999,891.03,1312.1,,,
BNBUSDT,TRES_AGRESSIF,711.69,767.35,883.19,1304.26,,,
BNBUSDT,TRES_AGRESSIF,727.13,762.05,898.63,1319.6999999999998,,,
BNBUSDT,TRES_AGRESSIF,730.69,771.6800000000001,902.19,1323.26,,,
BNBUSDT,TRES_AGRESSIF,667.68,788.13,811.83,1260.25,,,
BNBUSDT,TRES_AGRESSIF,703.41,791.87,823.86,1295.98,,,
BNBUSDT,TRES_AGRESSIF,702.13,777.3100000000001,822.58,1294.6999999999998,,,
BNBUSDT,TRES_AGRESSIF,705.91,781.09,826.36,1298.48,,,
BNBUSDT,TRES_AGRESSIF,691.08,773.2900000000001,811.5300000000001,1283.65,,,
BNBUSDT,TRES_AGRESSIF,721.02,778.0999999999999,841.47,1313.59,,,
BNBUSDT,TRES_AGRESSIF,687.27,759.5699999999999,759.5699999999999,1279.84,,,
BNBUSDT,TRES_AGRESSIF,658.19,710.86,768.72,1250.76,,,
BNBUSDT,TRES_AGRESSIF,644.98,682.5,755.51,1237.55,,,
BNBUSDT,TRES_AGRESSIF,651.32,684.37,761.85,1243.8899999999999,,,
BNBUSDT,TRES_AGRESSIF,638.35,666.7600000000001,748.88,1230.92,,,
BNBUSDT,TRES_AGRESSIF,645.28,673.69,755.81,1237.85,,,
BNBUSDT,TRES_AGRESSIF,650.37,677.4000000000001,750.9699999999999,1242.94,11567.0,11923.0,
BNBUSDT,TRES_AGRESSIF,657.01,683.53,757.6099999999999,1249.58,11567.0,11926.0,
BNBUSDT,TRES_AGRESSIF,653.2,689.7500000000001,753.8,1245.77,,,
BNBUSDT,TRES_AGRESSIF,667.89,719.3299999999999,728.28,1260.46,,,
BNBUSDT,TRES_AGRESSIF,672.04,710.0999999999999,732.43,1264.61,,,
BNBUSDT,TRES_AGRESSIF,686.79,729.48,751.63,1279.36,,,
BNBUSDT,TRES_AGRESSIF,688.58,728.57,745.4,1274.48,,,
BNBUSDT,TRES_AGRESSIF,704.87,752.83,769.37,1281.8200000000002,,,
BNBUSDT,TRES_AGRESSIF,785.98,853.92,921.53,1357.56,11970.0,12248.0,
BNBUSDT,TRES_AGRESSIF,793.57,861.51,929.12,1365.15,,,
BNBUSDT,TRES_AGRESSIF,794.78,862.7199999999999,930.3299999999999,1366.3600000000001,,,
BNBUSDT,TRES_AGRESSIF,804.11,913.61,990.87,1429.6100000000001,,,
BNBUSDT,TRES_AGRESSIF,812.15,886.6,943.48,1451.4099999999999,,,
BNBUSDT,TRES_AGRESSIF,821.74,902.4300000000001,953.07,1461.0,,,
BNBUSDT,TRES_AGRESSIF,828.0,907.05,967.72,1467.26,,,
BNBUSDT,TRES_AGRESSIF,845.18,917.6299999999999,984.9,1484.44,,,
BNBUSDT,TRES_AGRESSIF,854.62,927.0699999999999,994.34,1493.88,,,
BNBUSDT,TRES_AGRESSIF,866.77,932.77,1003.78,1514.42,,,
BNBUSDT,TRES_AGRESSIF,895.5,976.2900000000001,1014.36,1543.15,,,
BNBUSDT,TRES_AGRESSIF,901.01,984.23,1021.67,1548.6599999999999,,,
BNBUSDT,TRES_AGRESSIF,941.84,1014.22,1045.93,1611.5900000000001,,,
BNBUSDT,TRES_AGRESSIF,937.16,1009.9399999999999,1041.65,1606.9099999999999,,,
BNBUSDT,TRES_AGRESSIF,998.81,1089.29,1159.21,1683.6799999999998,,,
BNBUSDT,TRES_AGRESSIF,992.42,1089.6100000000001,1159.53,1677.29,,,
BNBUSDT,TRES_AGRESSIF,1021.63,1136.91,1201.5300000000002,1706.5,,,
BNBUSDT,TRES_AGRESSIF,1044.28,1177.23,1244.53,1729.15,,,
BNBUSDT,TRES_AGRESSIF,1016.2,1137.3600000000001,1225.65,1815.1,,,
BNBUSDT,TRES_AGRESSIF,1018.81,1139.9699999999998,1225.58,1817.71,,,
BNBUSDT,TRES_AGRESSIF,1030.43,1134.54,1203.71,1827.25,,,
BNBUSDT,TRES_AGRESSIF,1020.63,1124.74,1193.9099999999999,1817.4499999999998,,,
BNBUSDT,TRES_AGRESSIF,1005.1,1109.21,1172.1599999999999,1801.92,,,
BNBUSDT,TRES_AGRESSIF,1019.97,1104.99,1171.58,1816.79,12371.0,12375.0,
BNBUSDT,TRES_AGRESSIF,1026.85,1107.81,1178.46,1823.6699999999998,12371.0,12375.0,
BNBUSDT,TRES_AGRESSIF,1031.25,1106.38,1182.8600000000001,1828.07,12371.0,12375.0,
BNBUSDT,TRES_AGRESSIF,1223.8,1436.53,1531.3899999999999,2129.73,,,
BNBUSDT,TRES_AGRESSIF,1250.54,1481.78,1582.87,2156.4700000000003,,,
BNBUSDT,TRES_AGRESSIF,1277.78,1828.79,1828.79,2353.23,,,
BNBUSDT,TRES_AGRESSIF,1127.94,1323.3200000000002,1678.9499999999998,2206.16,,,
BNBUSDT,TRES_AGRESSIF,1114.5,1289.09,1665.5099999999998,2192.72,,,
BNBUSDT,TRES_AGRESSIF,1130.0,1238.83,1681.0099999999998,2208.22,,,
BNBUSDT,TRES_AGRESSIF,1120.17,1229.0,1473.78,2198.39,,,
BNBUSDT,TRES_AGRESSIF,1126.36,1235.1899999999998,1479.9699999999998,2204.58,,,
BNBUSDT,TRES_AGRESSIF,1137.87,1245.6799999999998,1491.4799999999998,2216.0899999999997,,,
SOLUSDT,FAIBLE,78.286,106.703,123.111,,,,
SOLUSDT,FAIBLE,78.779,106.93599999999999,123.604,,,,
SOLUSDT,FAIBLE,79.801,104.15799999999999,126.226,,,,
SOLUSDT,FAIBLE,72.808,95.314,118.586,,,,
SOLUSDT,FAIBLE,75.471,93.58099999999999,121.249,,,,
SOLUSDT,FAIBLE,78.327,92.142,123.452,,,,
SOLUSDT,FAIBLE,77.33,91.145,121.701,,,,
SOLUSDT,FAIBLE,71.62,85.136,115.72999999999999,,,,
SOLUSDT,FAIBLE,74.8,88.285,117.53699999999999,,2090.0,2106.0,
SOLUSDT,FAIBLE,81.417,99.152,125.854,,,,
SOLUSDT,FAIBLE,82.333,100.503,127.205,,,,
SOLUSDT,FAIBLE,94.242,126.084,148.764,,,,
SOLUSDT,FAIBLE,97.725,133.66,156.34,,,,
SOLUSDT,FAIBLE,116.136,166.089,187.904,,,,
SOLUSDT,FAIBLE,121.95,162.03,186.325,,,,
SOLUSDT,FAIBLE,127.347,167.427,191.72199999999998,,,,
SOLUSDT,FAIBLE,135.495,182.47700000000003,206.77200000000002,,,,
SOLUSDT,FAIBLE,151.456,193.94599999999997,237.18099999999998,,,,
SOLUSDT,FAIBLE,173.482,235.925,282.875,,,,
SOLUSDT,FAIBLE,187.948,269.218,317.405,,,,
SOLUSDT,FAIBLE,169.248,207.213,255.63799999999998,,,,
SOLUSDT,FAIBLE,149.896,205.298,250.70999999999998,,,,
SOLUSDT,FAIBLE,170.422,213.162,226.326,,,,
SOLUSDT,FAIBLE,233.736,272.377,308.33000000000004,,,,
SOLUSDT,FAIBLE,207.314,263.426,280.99,,,,
SOLUSDT,FAIBLE,228.999,275.881,302.675,,,,
SOLUSDT,FAIBLE,222.526,271.637,289.86,,,,
SOLUSDT,FAIBLE,224.556,270.925,291.641,,,,
SOLUSDT,FAIBLE,31.739,36.979,44.596000000000004,167.532,,,
SOLUSDT,FAIBLE,32.357,37.542,45.214,168.15,,,
SOLUSDT,FAIBLE,31.578,36.084,43.99,167.371,,,
SOLUSDT,FAIBLE,32.251,36.757,44.571,168.044,6857.0,6907.0,
SOLUSDT,FAIBLE,32.616,37.122,44.936,168.409,6857.0,6907.0,
SOLUSDT,FAIBLE,32.994,37.5,45.314,168.787,6857.0,6907.0,
SOLUSDT,FAIBLE,47.601,56.945,65.889,183.394,,,
SOLUSDT,FAIBLE,58.167,75.357,88.606,193.96,,,
SOLUSDT,FAIBLE,57.362,68.313,84.806,193.155,,,
SOLUSDT,FAIBLE,58.06,69.011,85.50399999999999,193.853,,,
SOLUSDT,FAIBLE,58.851,68.815,80.607,194.644,,,
SOLUSDT,FAIBLE,60.063,68.45,77.219,195.856,,,
SOLUSDT,FAIBLE,60.775,69.162,77.93099999999998,196.568,,,
SOLUSDT,FAIBLE,59.98,68.36699999999999,77.136,195.773,,,
SOLUSDT,FAIBLE,60.788,69.175,77.94399999999999,196.58100000000002,,,
SOLUSDT,FAIBLE,61.051,69.576,74.65,196.844,,,
SOLUSDT,FAIBLE,64.424,71.046,78.846,200.217,7080.0,7123.0,
SOLUSDT,FAIBLE,63.427,70.049,77.84899999999999,199.22,7080.0,7123.0,
SOLUSDT,FAIBLE,63.051,70.848,78.648,198.844,7080.0,7123.0,
SOLUSDT,FAIBLE,83.417,101.396,106.791,219.21,,,
SOLUSDT,FAIBLE,86.829,107.178,112.573,222.622,,,
SOLUSDT,FAIBLE,87.09,108.72,114.115,222.883,,,
SOLUSDT,FAIBLE,97.962,130.844,134.19400000000002,233.755,,,
SOLUSDT,FAIBLE,96.831,126.137,133.06300000000002,232.62400000000002,,,
SOLUSDT,FAIBLE,102.978,135.195,143.337,238.77100000000002,,,
SOLUSDT,FAIBLE,107.966,146.554,154.853,243.75900000000001,,,
SOLUSDT,FAIBLE,123.175,168.421,184.052,253.788,,,
SOLUSDT,FAIBLE,120.947,166.835,184.38400000000001,251.56,,,
SOLUSDT,FAIBLE,106.706,143.132,170.00400000000002,237.31900000000002,,,
SOLUSDT,FAIBLE,108.673,145.099,171.971,239.286,,,
SOLUSDT,FAIBLE,103.553,133.171,163.64,234.166,,,
SOLUSDT,FAIBLE,104.364,124.293,164.45100000000002,234.977,,,
SOLUSDT,FAIBLE,104.481,120.528,164.56799999999998,223.642,,,
SOLUSDT,FAIBLE,106.079,119.898,166.166,225.24,,,
SOLUSDT,FAIBLE,108.888,122.70700000000001,168.97500000000002,228.049,,,
SOLUSDT,FAIBLE,104.961,138.551,150.849,224.122,,,
SOLUSDT,FAIBLE,101.141,134.731,144.56900000000002,220.30200000000002,,,
SOLUSDT,FAIBLE,99.804,123.004,143.232,218.965,,,
SOLUSDT,FAIBLE,104.499,127.399,138.089,223.66,,,
SOLUSDT,FAIBLE,100.825,123.72500000000001,134.415,219.986,,,
SOLUSDT,FAIBLE,100.788,117.937,127.228,219.949,,,
SOLUSDT,FAIBLE,115.753,128.809,139.091,234.914,,,
SOLUSDT,FAIBLE,117.007,132.462,142.74400000000003,236.168,,,
SOLUSDT,FAIBLE,139.378,159.903,184.021,269.597,,,
SOLUSDT,FAIBLE,144.463,190.10399999999998,195.594,274.682,,,
SOLUSDT,FAIBLE,145.861,194.77100000000002,200.261,276.08000000000004,,,
SOLUSDT,FAIBLE,148.458,197.368,202.858,278.677,,,
SOLUSDT,FAIBLE,148.459,197.36900000000003,201.00900000000001,278.678,,,
SOLUSDT,FAIBLE,143.024,191.93400000000003,195.574,273.24300000000005,,,
SOLUSDT,FAIBLE,148.26,175.86,200.81,293.38300000000004,,,
SOLUSDT,FAIBLE,150.911,169.84,202.221,296.034,7664.0,7685.0,
SOLUSDT,FAIBLE,153.93,172.859,205.24,299.053,7664.0,7687.0,
SOLUSDT,FAIBLE,157.366,180.586,212.96700000000004,302.48900000000003,,,
SOLUSDT,FAIBLE,176.852,219.18099999999998,251.562,321.975,,,
SOLUSDT,FAIBLE,192.783,249.452,287.062,337.906,,,
SOLUSDT,FAIBLE,201.96,258.071,302.97,347.083,,,
SOLUSDT,FAIBLE,175.667,198.65400000000002,226.842,378.31500000000005,,,
SOLUSDT,FAIBLE,172.096,196.45100000000002,223.27100000000002,374.744,,,
SOLUSDT,FAIBLE,168.356,194.87900000000002,219.531,371.004,,,
SOLUSDT,FAIBLE,192.192,220.21200000000002,242.211,394.84000000000003,,,
SOLUSDT,FAIBLE,192.309,220.898,242.897,394.957,,,
SOLUSDT,FAIBLE,180.957,209.546,223.269,383.605,,,
SOLUSDT,FAIBLE,179.072,201.383,220.463,381.72,,,
SOLUSDT,FAIBLE,154.099,169.355,188.89999999999998,351.924,,,
SOLUSDT,FAIBLE,152.428,167.684,187.22899999999998,350.25300000000004,,,
SOLUSDT,FAIBLE,152.38,175.953,178.378,350.20500000000004,,,
SOLUSDT,FAIBLE,153.24,177.793,180.218,351.06500000000005,,,
SOLUSDT,FAIBLE,154.14,173.533,181.11799999999997,351.96500000000003,,,
SOLUSDT,FAIBLE,151.25,166.84799999999998,178.22799999999998,349.07500000000005,,,
SOLUSDT,FAIBLE,150.44,166.03799999999998,177.41799999999998,348.265,,,
SOLUSDT,FAIBLE,154.65,170.022,181.07,352.475,,,
SOLUSDT,FAIBLE,154.86,168.135,179.413,352.68500000000006,,,
SOLUSDT,FAIBLE,159.7,172.05999999999997,184.253,357.525,,,
SOLUSDT,FAIBLE,159.14,172.10999999999999,184.303,356.96500000000003,,,
SOLUSDT,FAIBLE,166.48,190.79,202.983,364.305,,,
SOLUSDT,FAIBLE,166.38,190.69,202.883,364.20500000000004,,,
SOLUSDT,FAIBLE,167.89,192.2,204.393,365.71500000000003,,,
SOLUSDT,FAIBLE,173.03,193.32000000000002,211.40300000000002,370.855,,,
SOLUSDT,FAIBLE,170.82,191.63,209.713,368.645,,,
SOLUSDT,FAIBLE,174.1,195.55,213.633,371.925,,,
SOLUSDT,FAIBLE,181.79,204.92999999999998,216.42999999999998,379.615,,,
SOLUSDT,FAIBLE,180.12,203.81,215.31,377.94500000000005,,,
SOLUSDT,FAIBLE,179.4,203.62,215.12,377.225,,,
SOLUSDT,FAIBLE,180.12,204.34,215.84,377.94500000000005,,,
SOLUSDT,FAIBLE,175.69,199.91,211.41,373.515,,,
SOLUSDT,FAIBLE,166.96,187.3,198.47,364.785,,,
SOLUSDT,FAIBLE,163.47,186.1,193.3,361.295,,,
SOLUSDT,FAIBLE,202.25,252.55,252.55,400.07500000000005,,,
SOLUSDT,FAIBLE,218.69,243.53,289.35,421.73,9156.0,,
SOLUSDT,FAIBLE,221.52,246.36,292.18,424.56,,,
SOLUSDT,FAIBLE,219.09,243.93,289.75,422.13,9156.0,,
SOLUSDT,FAIBLE,249.03,290.32,317.72,478.92,,,
SOLUSDT,FAIBLE,259.94,295.23,329.55999999999995,489.83000000000004,,,
SOLUSDT,FAIBLE,176.57,204.45999999999998,216.45999999999998,443.45,,,
SOLUSDT,FAIBLE,177.37,205.26,217.26,444.25,,,
SOLUSDT,FAIBLE,180.43,208.32,219.64000000000001,447.31,,,
SOLUSDT,FAIBLE,181.93,207.31,221.14000000000001,448.81,,,
SOLUSDT,FAIBLE,181.94,207.32,220.57999999999998,448.82,,,
SOLUSDT,FAIBLE,187.15,218.09,236.48,450.494,,,
SOLUSDT,FAIBLE,186.95,217.89,236.27999999999997,450.29400000000004,,,
SOLUSDT,FAIBLE,186.89,217.82999999999998,236.21999999999997,450.23400000000004,,,
SOLUSDT,FAIBLE,188.56,218.92000000000002,237.89,451.90400000000005,,,
SOLUSDT,FAIBLE,193.46,213.64000000000001,236.63,435.648,,,
SOLUSDT,FAIBLE,195.78,232.3,235.95,432.38,,,
SOLUSDT,FAIBLE,206.38,234.92,244.47,442.98,,,
SOLUSDT,FAIBLE,213.03,241.57,251.12,449.63,,,
SOLUSDT,FAIBLE,213.08,244.45000000000002,254.00000000000003,449.68000000000006,,,
SOLUSDT,FAIBLE,202.87,235.7,245.25,439.47,,,
SOLUSDT,FAIBLE,211.26,230.14999999999998,253.64,443.35900000000004,,,
SOLUSDT,FAIBLE,210.65,229.54,252.68,442.749,,,
SOLUSDT,FAIBLE,219.2,239.81,253.82,447.949,,,
SOLUSDT,FAIBLE,222.14,245.88,258.47,450.889,,,
SOLUSDT,FAIBLE,223.04,249.85999999999999,258.49,451.789,,,
SOLUSDT,FAIBLE,223.94,250.76,256.17999999999995,452.689,,,
SOLUSDT,FAIBLE,224.05,250.87,255.94,452.79900000000004,,,
SOLUSDT,FAIBLE,224.93,251.75,256.82,453.67900000000003,,,
SOLUSDT,FAIBLE,226.69,256.56,261.63,455.439,,,
SOLUSDT,FAIBLE,239.03,277.36,284.65999999999997,467.779,,,
SOLUSDT,FAIBLE,239.21,279.61,286.90999999999997,467.95900000000006,,,
SOLUSDT,FAIBLE,242.07,280.53999999999996,292.01,470.819,,,
SOLUSDT,FAIBLE,245.99,283.88,301.48,474.73900000000003,,,
SOLUSDT,FAIBLE,242.4,277.07000000000005,297.89,471.149,,,
SOLUSDT,FAIBLE,246.62,266.15,297.04,463.26000000000005,,,
SOLUSDT,FAIBLE,248.11,267.64,298.53000000000003,464.75000000000006,,,
SOLUSDT,FAIBLE,248.24,271.71000000000004,302.6,464.88000000000005,,,
SOLUSDT,FAIBLE,208.85,234.28,271.62,425.49,,,
SOLUSDT,FAIBLE,209.97,234.59,272.74,426.61,,,
SOLUSDT,FAIBLE,208.9,232.86,271.67,425.5400000000001,,,
SOLUSDT,FAIBLE,229.11,261.82000000000005,284.04,445.75000000000006,,,
SOLUSDT,FAIBLE,224.8,257.51,275.81,441.44000000000005,,,
SOLUSDT,FAIBLE,235.55,255.53000000000003,283.1,452.19000000000005,,,
SOLUSDT,MODERE,78.286,106.703,123.111,,,,
SOLUSDT,MODERE,78.779,106.93599999999999,123.604,,,,
SOLUSDT,MODERE,79.801,104.15799999999999,126.226,,,,
SOLUSDT,MODERE,72.808,95.314,118.586,,,,
SOLUSDT,MODERE,75.471,93.58099999999999,121.249,,,,
SOLUSDT,MODERE,78.327,92.142,123.452,,,,
SOLUSDT,MODERE,77.33,91.145,121.701,,,,
SOLUSDT,MODERE,71.62,85.136,115.72999999999999,,,,
SOLUSDT,MODERE,74.8,88.285,117.53699999999999,,2090.0,2106.0,
SOLUSDT,MODERE,81.417,99.152,125.854,,,,
SOLUSDT,MODERE,82.333,100.503,127.205,,,,
SOLUSDT,MODERE,94.242,126.084,148.764,,,,
SOLUSDT,MODERE,97.725,133.66,156.34,,,,
SOLUSDT,MODERE,116.136,166.089,187.904,,,,
SOLUSDT,MODERE,121.95,162.03,186.325,,,,
SOLUSDT,MODERE,127.347,167.427,191.72199999999998,,,,
SOLUSDT,MODERE,135.495,182.47700000000003,206.77200000000002,,,,
SOLUSDT,MODERE,151.456,193.94599999999997,237.18099999999998,,,,
SOLUSDT,MODERE,173.482,235.925,282.875,,,,
SOLUSDT,MODERE,187.948,269.218,317.405,,,,
SOLUSDT,MODERE,169.248,207.213,255.63799999999998,,,,
SOLUSDT,MODERE,149.896,205.298,250.70999999999998,,,,
SOLUSDT,MODERE,170.422,213.162,226.326,,,,
SOLUSDT,MODERE,233.736,272.377,308.33000000000004,,,,
SOLUSDT,MODERE,207.314,263.426,280.99,,,,
SOLUSDT,MODERE,228.999,275.881,302.675,,,,
SOLUSDT,MODERE,222.526,271.637,289.86,,,,
SOLUSDT,MODERE,224.556,270.925,291.641,,,,
SOLUSDT,MODERE,31.739,36.979,44.596000000000004,167.532,,,
SOLUSDT,MODERE,32.357,37.542,45.214,168.15,,,
SOLUSDT,MODERE,31.578,36.084,43.99,167.371,,,
SOLUSDT,MODERE,32.251,36.757,44.571,168.044,6857.0,6907.0,
SOLUSDT,MODERE,32.616,37.122,44.936,168.409,6857.0,6907.0,
SOLUSDT,MODERE,32.994,37.5,45.314,168.787,6857.0,6907.0,
SOLUSDT,MODERE,47.601,56.945,65.889,183.394,,,
SOLUSDT,MODERE,58.167,75.357,88.606,193.96,,,
SOLUSDT,MODERE,57.362,68.313,84.806,193.155,,,
SOLUSDT,MODERE,58.06,69.011,85.50399999999999,193.853,,,
SOLUSDT,MODERE,58.851,68.815,80.607,194.644,,,
SOLUSDT,MODERE,60.063,68.45,77.219,195.856,,,
SOLUSDT,MODERE,60.775,69.162,77.93099999999998,196.568,,,
SOLUSDT,MODERE,59.98,68.36699999999999,77.136,195.773,,,
SOLUSDT,MODERE,60.788,69.175,77.94399999999999,196.58100000000002,,,
SOLUSDT,MODERE,61.051,69.576,74.65,196.844,,,
SOLUSDT,MODERE,64.424,71.046,78.846,200.217,7080.0,7123.0,
SOLUSDT,MODERE,63.427,70.049,77.84899999999999,199.22,7080.0,7123.0,
SOLUSDT,MODERE,63.051,70.848,78.648,198.844,7080.0,7123.0,
SOLUSDT,MODERE,83.417,101.396,106.791,219.21,,,
SOLUSDT,MODERE,86.829,107.178,112.573,222.622,,,
SOLUSDT,MODERE,87.09,108.72,114.115,222.883,,,
SOLUSDT,MODERE,97.962,130.844,134.19400000000002,233.755,,,
SOLUSDT,MODERE,96.831,126.137,133.06300000000002,232.62400000000002,,,
SOLUSDT,MODERE,102.978,135.195,143.337,238.77100000000002,,,
SOLUSDT,MODERE,107.966,146.554,154.853,243.75900000000001,,,
SOLUSDT,MODERE,123.175,168.421,184.052,253.788,,,
SOLUSDT,MODERE,120.947,166.835,184.38400000000001,251.56,,,
SOLUSDT,MODERE,106.706,143.132,170.00400000000002,237.31900000000002,,,
SOLUSDT,MODERE,108.673,145.099,171.971,239.286,,,
SOLUSDT,MODERE,103.553,133.171,163.64,234.166,,,
SOLUSDT,MODERE,104.364,124.293,164.45100000000002,234.977,,,
SOLUSDT,MODERE,104.481,120.528,164.56799999999998,223.642,,,
SOLUSDT,MODERE,106.079,119.898,166.166,225.24,,,
SOLUSDT,MODERE,108.888,122.70700000000001,168.97500000000002,228.049,,,
SOLUSDT,MODERE,104.961,138.551,150.849,224.122,,,
SOLUSDT,MODERE,101.141,134.731,144.56900000000002,220.30200000000002,,,
SOLUSDT,MODERE,99.804,123.004,143.232,218.965,,,
SOLUSDT,MODERE,104.499,127.399,138.089,223.66,,,
SOLUSDT,MODERE,100.825,123.72500000000001,134.415,219.986,,,
SOLUSDT,MODERE,100.788,117.937,127.228,219.949,,,
SOLUSDT,MODERE,115.753,128.809,139.091,234.914,,,
SOLUSDT,MODERE,117.007,132.462,142.74400000000003,236.168,,,
SOLUSDT,MODERE,139.378,159.903,184.021,269.597,,,
SOLUSDT,MODERE,144.463,190.10399999999998,195.594,274.682,,,
SOLUSDT,MODERE,145.861,194.77100000000002,200.261,276.08000000000004,,,
SOLUSDT,MODERE,148.458,197.368,202.858,278.677,,,
SOLUSDT,MODERE,148.459,197.36900000000003,201.00900000000001,278.678,,,
SOLUSDT,MODERE,143.024,191.93400000000003,195.574,273.24300000000005,,,
SOLUSDT,MODERE,148.26,175.86,200.81,293.38300000000004,,,
SOLUSDT,MODERE,150.911,169.84,202.221,296.034,7664.0,7685.0,
SOLUSDT,MODERE,153.93,172.859,205.24,299.053,7664.0,7687.0,
SOLUSDT,MODERE,157.366,180.586,212.96700000000004,302.48900000000003,,,
SOLUSDT,MODERE,176.852,219.18099999999998,251.562,321.975,,,
SOLUSDT,MODERE,192.783,249.452,287.062,337.906,,,
SOLUSDT,MODERE,201.96,258.071,302.97,347.083,,,
SOLUSDT,MODERE,175.667,198.65400000000002,226.842,378.31500000000005,,,
SOLUSDT,MODERE,172.096,196.45100000000002,223.27100000000002,374.744,,,
SOLUSDT,MODERE,168.356,194.87900000000002,219.531,371.004,,,
SOLUSDT,MODERE,192.192,220.21200000000002,242.211,394.84000000000003,,,
SOLUSDT,MODERE,192.309,220.898,242.897,394.957,,,
SOLUSDT,MODERE,180.957,209.546,223.269,383.605,,,
SOLUSDT,MODERE,179.072,201.383,220.463,381.72,,,
SOLUSDT,MODERE,154.099,169.355,188.89999999999998,351.924,,,
SOLUSDT,MODERE,152.428,167.684,187.22899999999998,350.25300000000004,,,
SOLUSDT,MODERE,152.38,175.953,178.378,350.20500000000004,,,
SOLUSDT,MODERE,153.24,177.793,180.218,351.06500000000005,,,
SOLUSDT,MODERE,154.14,173.533,181.11799999999997,351.96500000000003,,,
SOLUSDT,MODERE,151.25,166.84799999999998,178.22799999999998,349.07500000000005,,,
SOLUSDT,MODERE,150.44,166.03799999999998,177.41799999999998,348.265,,,
SOLUSDT,MODERE,154.65,170.022,181.07,352.475,,,
SOLUSDT,MODERE,154.86,168.135,179.413,352.68500000000006,,,
SOLUSDT,MODERE,159.7,172.05999999999997,184.253,357.525,,,
SOLUSDT,MODERE,159.14,172.10999999999999,184.303,356.96500000000003,,,
SOLUSDT,MODERE,166.48,190.79,202.983,364.305,,,
SOLUSDT,MODERE,166.38,190.69,202.883,364.20500000000004,,,
SOLUSDT,MODERE,167.89,192.2,204.393,365.71500000000003,,,
SOLUSDT,MODERE,173.03,193.32000000000002,211.40300000000002,370.855,,,
SOLUSDT,MODERE,170.82,191.63,209.713,368.645,,,
SOLUSDT,MODERE,174.1,195.55,213.633,371.925,,,
SOLUSDT,MODERE,181.79,204.92999999999998,216.42999999999998,379.615,,,
SOLUSDT,MODERE,180.12,203.81,215.31,377.94500000000005,,,
SOLUSDT,MODERE,179.4,203.62,215.12,377.225,,,
SOLUSDT,MODERE,180.12,204.34,215.84,377.94500000000005,,,
SOLUSDT,MODERE,175.69,199.91,211.41,373.515,,,
SOLUSDT,MODERE,166.96,187.3,198.47,364.785,,,
SOLUSDT,MODERE,163.47,186.1,193.3,361.295,,,
SOLUSDT,MODERE,202.25,252.55,252.55,400.07500000000005,,,
SOLUSDT,MODERE,218.69,243.53,289.35,421.73,9156.0,,
SOLUSDT,MODERE,221.52,246.36,292.18,424.56,,,
SOLUSDT,MODERE,219.09,243.93,289.75,422.13,9156.0,,
SOLUSDT,MODERE,249.03,290.32,317.72,478.92,,,
SOLUSDT,MODERE,259.94,295.23,329.55999999999995,489.83000000000004,,,
SOLUSDT,MODERE,176.57,204.45999999999998,216.45999999999998,443.45,,,
SOLUSDT,MODERE,177.37,205.26,217.26,444.25,,,
SOLUSDT,MODERE,180.43,208.32,219.64000000000001,447.31,,,
SOLUSDT,MODERE,181.93,207.31,221.14000000000001,448.81,,,
SOLUSDT,MODERE,181.94,207.32,220.57999999999998,448.82,,,
SOLUSDT,MODERE,187.15,218.09,236.48,450.494,,,
SOLUSDT,MODERE,186.95,217.89,236.27999999999997,450.29400000000004,,,
SOLUSDT,MODERE,186.89,217.82999999999998,236.21999999999997,450.23400000000004,,,
SOLUSDT,MODERE,188.56,218.92000000000002,237.89,451.90400000000005,,,
SOLUSDT,MODERE,193.46,213.64000000000001,236.63,435.648,,,
SOLUSDT,MODERE,195.78,232.3,235.95,432.38,,,
SOLUSDT,MODERE,206.38,234.92,244.47,442.98,,,
SOLUSDT,MODERE,213.03,241.57,251.12,449.63,,,
SOLUSDT,MODERE,213.08,244.45000000000002,254.00000000000003,449.68000000000006,,,
SOLUSDT,MODERE,202.87,235.7,245.25,439.47,,,
SOLUSDT,MODERE,211.26,230.14999999999998,253.64,443.35900000000004,,,
SOLUSDT,MODERE,210.65,229.54,252.68,442.749,,,
SOLUSDT,MODERE,219.2,239.81,253.82,447.949,,,
SOLUSDT,MODERE,222.14,245.88,258.47,450.889,,,
SOLUSDT,MODERE,223.04,249.85999999999999,258.49,451.789,,,
SOLUSDT,MODERE,223.94,250.76,256.17999999999995,452.689,,,
SOLUSDT,MODERE,224.05,250.87,255.94,452.79900000000004,,,
SOLUSDT,MODERE,224.93,251.75,256.82,453.67900000000003,,,
SOLUSDT,MODERE,226.69,256.56,261.63,455.439,,,
SOLUSDT,MODERE,239.03,277.36,284.65999999999997,467.779,,,
SOLUSDT,MODERE,239.21,279.61,286.90999999999997,467.95900000000006,,,
SOLUSDT,MODERE,242.07,280.53999999999996,292.01,470.819,,,
SOLUSDT,MODERE,245.99,283.88,301.48,474.73900000000003,,,
SOLUSDT,MODERE,242.4,277.07000000000005,297.89,471.149,,,
SOLUSDT,MODERE,246.62,266.15,297.04,463.26000000000005,,,
SOLUSDT,MODERE,248.11,267.64,298.53000000000003,464.75000000000006,,,
SOLUSDT,MODERE,248.24,271.71000000000004,302.6,464.88000000000005,,,
SOLUSDT,MODERE,208.85,234.28,271.62,425.49,,,
SOLUSDT,MODERE,209.97,234.59,272.74,426.61,,,
SOLUSDT,MODERE,208.9,232.86,271.67,425.5400000000001,,,
SOLUSDT,MODERE,229.11,261.82000000000005,284.04,445.75000000000006,,,
SOLUSDT,MODERE,224.8,257.51,275.81,441.44000000000005,,,
SOLUSDT,MODERE,235.55,255.53000000000003,283.1,452.19000000000005,,,
SOLUSDT,AGRESSIF,78.286,106.703,123.111,,,,
SOLUSDT,AGRESSIF,78.779,106.93599999999999,123.604,,,,
SOLUSDT,AGRESSIF,79.801,104.15799999999999,126.226,,,,
SOLUSDT,AGRESSIF,72.808,95.314,118.586,,,,
SOLUSDT,AGRESSIF,75.471,93.58099999999999,121.249,,,,
SOLUSDT,AGRESSIF,78.327,92.142,123.452,,,,
SOLUSDT,AGRESSIF,77.33,91.145,121.701,,,,
SOLUSDT,AGRESSIF,71.62,85.136,115.72999999999999,,,,
SOLUSDT,AGRESSIF,74.8,88.285,117.53699999999999,,2090.0,2106.0,
SOLUSDT,AGRESSIF,81.417,99.152,125.854,,,,
SOLUSDT,AGRESSIF,82.333,100.503,127.205,,,,
SOLUSDT,AGRESSIF,94.242,126.084,148.764,,,,
SOLUSDT,AGRESSIF,97.725,133.66,156.34,,,,
SOLUSDT,AGRESSIF,116.136,166.089,187.904,,,,
SOLUSDT,AGRESSIF,121.95,162.03,186.325,,,,
SOLUSDT,AGRESSIF,127.347,167.427,191.72199999999998,,,,
SOLUSDT,AGRESSIF,135.495,182.47700000000003,206.77200000000002,,,,
SOLUSDT,AGRESSIF,151.456,193.94599999999997,237.18099999999998,,,,
SOLUSDT,AGRESSIF,173.482,235.925,282.875,,,,
SOLUSDT,AGRESSIF,187.948,269.218,317.405,,,,
SOLUSDT,AGRESSIF,169.248,207.213,255.63799999999998,,,,
SOLUSDT,AGRESSIF,149.896,205.298,250.70999999999998,,,,
SOLUSDT,AGRESSIF,170.422,213.162,226.326,,,,
SOLUSDT,AGRESSIF,233.736,272.377,308.33000000000004,,,,
SOLUSDT,AGRESSIF,207.314,263.426,280.99,,,,
SOLUSDT,AGRESSIF,228.999,275.881,302.675,,,,
SOLUSDT,AGRESSIF,222.526,271.637,289.86,,,,
SOLUSDT,AGRESSIF,224.556,270.925,291.641,,,,
SOLUSDT,AGRESSIF,31.739,36.979,44.596000000000004,167.532,,,
SOLUSDT,AGRESSIF,32.357,37.542,45.214,168.15,,,
SOLUSDT,AGRESSIF,31.578,36.084,43.99,167.371,,,
SOLUSDT,AGRESSIF,32.251,36.757,44.571,168.044,6857.0,6907.0,
SOLUSDT,AGRESSIF,32.616,37.122,44.936,168.409,6857.0,6907.0,
SOLUSDT,AGRESSIF,32.994,37.5,45.314,168.787,6857.0,6907.0,
SOLUSDT,AGRESSIF,47.601,56.945,65.889,183.394,,,
SOLUSDT,AGRESSIF,58.167,75.357,88.606,193.96,,,
SOLUSDT,AGRESSIF,57.362,68.313,84.806,193.155,,,
SOLUSDT,AGRESSIF,58.06,69.011,85.50399999999999,193.853,,,
SOLUSDT,AGRESSIF,58.851,68.815,80.607,194.644,,,
SOLUSDT,AGRESSIF,60.063,68.45,77.219,195.856,,,
SOLUSDT,AGRESSIF,60.775,69.162,77.93099999999998,196.568,,,
SOLUSDT,AGRESSIF,59.98,68.36699999999999,77.136,195.773,,,
SOLUSDT,AGRESSIF,60.788,69.175,77.94399999999999,196.58100000000002,,,
SOLUSDT,AGRESSIF,61.051,69.576,74.65,196.844,,,
SOLUSDT,AGRESSIF,64.424,71.046,78.846,200.217,7080.0,7123.0,
SOLUSDT,AGRESSIF,63.427,70.049,77.84899999999999,199.22,7080.0,7123.0,
SOLUSDT,AGRESSIF,63.051,70.848,78.648,198.844,7080.0,7123.0,
SOLUSDT,AGRESSIF,83.417,101.396,106.791,219.21,,,
SOLUSDT,AGRESSIF,86.829,107.178,112.573,222.622,,,
SOLUSDT,AGRESSIF,87.09,108.72,114.115,222.883,,,
SOLUSDT,AGRESSIF,97.962,130.844,134.19400000000002,233.755,,,
SOLUSDT,AGRESSIF,96.831,126.137,133.06300000000002,232.62400000000002,,,
SOLUSDT,AGRESSIF,102.978,135.195,143.337,238.77100000000002,,,
SOLUSDT,AGRESSIF,107.966,146.554,154.853,243.75900000000001,,,
SOLUSDT,AGRESSIF,123.175,168.421,184.052,253.788,,,
SOLUSDT,AGRESSIF,120.947,166.835,184.38400000000001,251.56,,,
SOLUSDT,AGRESSIF,106.706,143.132,170.00400000000002,237.31900000000002,,,
SOLUSDT,AGRESSIF,108.673,145.099,171.971,239.286,,,
SOLUSDT,AGRESSIF,103.553,133.171,163.64,234.166,,,
SOLUSDT,AGRESSIF,104.364,124.293,164.45100000000002,234.977,,,
SOLUSDT,AGRESSIF,104.481,120.528,164.56799999999998,223.642,,,
SOLUSDT,AGRESSIF,106.079,119.898,166.166,225.24,,,
SOLUSDT,AGRESSIF,108.888,122.70700000000001,168.97500000000002,228.049,,,
SOLUSDT,AGRESSIF,104.961,138.551,150.849,224.122,,,
SOLUSDT,AGRESSIF,101.141,134.731,144.56900000000002,220.30200000000002,,,
SOLUSDT,AGRESSIF,99.804,123.004,143.232,218.965,,,
SOLUSDT,AGRESSIF,104.499,127.399,138.089,223.66,,,
SOLUSDT,AGRESSIF,100.825,123.72500000000001,134.415,219.986,,,
SOLUSDT,AGRESSIF,100.788,117.937,127.228,219.949,,,
SOLUSDT,AGRESSIF,115.753,128.809,139.091,234.914,,,
SOLUSDT,AGRESSIF,117.007,132.462,142.74400000000003,236.168,,,
SOLUSDT,AGRESSIF,139.378,159.903,184.021,269.597,,,
SOLUSDT,AGRESSIF,144.463,190.10399999999998,195.594,274.682,,,
SOLUSDT,AGRESSIF,145.861,194.77100000000002,200.261,276.08000000000004,,,
SOLUSDT,AGRESSIF,148.458,197.368,202.858,278.677,,,
SOLUSDT,AGRESSIF,148.459,197.36900000000003,201.00900000000001,278.678,,,
SOLUSDT,AGRESSIF,143.024,191.93400000000003,195.574,273.24300000000005,,,
SOLUSDT,AGRESSIF,148.26,175.86,200.81,293.38300000000004,,,
SOLUSDT,AGRESSIF,150.911,169.84,202.221,296.034,7664.0,7685.0,
SOLUSDT,AGRESSIF,153.93,172.859,205.24,299.053,7664.0,7687.0,
SOLUSDT,AGRESSIF,157.366,180.586,212.96700000000004,302.48900000000003,,,
SOLUSDT,AGRESSIF,176.852,219.18099999999998,251.562,321.975,,,
SOLUSDT,AGRESSIF,192.783,249.452,287.062,337.906,,,
SOLUSDT,AGRESSIF,201.96,258.071,302.97,347.083,,,
SOLUSDT,AGRESSIF,175.667,198.65400000000002,226.842,378.31500000000005,,,
SOLUSDT,AGRESSIF,172.096,196.45100000000002,223.27100000000002,374.744,,,
SOLUSDT,AGRESSIF,168.356,194.87900000000002,219.531,371.004,,,
SOLUSDT,AGRESSIF,192.192,220.21200000000002,242.211,394.84000000000003,,,
SOLUSDT,AGRESSIF,192.309,220.898,242.897,394.957,,,
SOLUSDT,AGRESSIF,180.957,209.546,223.269,383.605,,,
SOLUSDT,AGRESSIF,179.072,201.383,220.463,381.72,,,
SOLUSDT,AGRESSIF,154.099,169.355,188.89999999999998,351.924,,,
SOLUSDT,AGRESSIF,152.428,167.684,187.22899999999998,350.25300000000004,,,
SOLUSDT,AGRESSIF,152.38,175.953,178.378,350.20500000000004,,,
SOLUSDT,AGRESSIF,153.24,177.793,180.218,351.06500000000005,,,
SOLUSDT,AGRESSIF,154.14,173.533,181.11799999999997,351.96500000000003,,,
SOLUSDT,AGRESSIF,151.25,166.84799999999998,178.22799999999998,349.07500000000005,,,
SOLUSDT,AGRESSIF,150.44,166.03799999999998,177.41799999999998,348.265,,,
SOLUSDT,AGRESSIF,154.65,170.022,181.07,352.475,,,
SOLUSDT,AGRESSIF,154.86,168.135,179.413,352.68500000000006,,,
SOLUSDT,AGRESSIF,159.7,172.05999999999997,184.253,357.525,,,
SOLUSDT,AGRESSIF,159.14,172.10999999999999,184.303,356.96500000000003,,,
SOLUSDT,AGRESSIF,166.48,190.79,202.983,364.305,,,
SOLUSDT,AGRESSIF,166.38,190.69,202.883,364.20500000000004,,,
SOLUSDT,AGRESSIF,167.89,192.2,204.393,365.71500000000003,,,
SOLUSDT,AGRESSIF,173.03,193.32000000000002,211.40300000000002,370.855,,,
SOLUSDT,AGRESSIF,170.82,191.63,209.713,368.645,,,
SOLUSDT,AGRESSIF,174.1,195.55,213.633,371.925,,,
SOLUSDT,AGRESSIF,181.79,204.92999999999998,216.42999999999998,379.615,,,
SOLUSDT,AGRESSIF,180.12,203.81,215.31,377.94500000000005,,,
SOLUSDT,AGRESSIF,179.4,203.62,215.12,377.225,,,
SOLUSDT,AGRESSIF,180.12,204.34,215.84,377.94500000000005,,,
SOLUSDT,AGRESSIF,175.69,199.91,211.41,373.515,,,
SOLUSDT,AGRESSIF,166.96,187.3,198.47,364.785,,,
SOLUSDT,AGRESSIF,163.47,186.1,193.3,361.295,,,
SOLUSDT,AGRESSIF,202.25,252.55,252.55,400.07500000000005,,,
SOLUSDT,AGRESSIF,218.69,243.53,289.35,421.73,9156.0,,
SOLUSDT,AGRESSIF,221.52,246.36,292.18,424.56,,,
SOLUSDT,AGRESSIF,219.09,243.93,289.75,422.13,9156.0,,
SOLUSDT,AGRESSIF,249.03,290.32,317.72,478.92,,,
SOLUSDT,AGRESSIF,259.94,295.23,329.55999999999995,489.83000000000004,,,
SOLUSDT,AGRESSIF,176.57,204.45999999999998,216.45999999999998,443.45,,,
SOLUSDT,AGRESSIF,177.37,205.26,217.26,444.25,,,
SOLUSDT,AGRESSIF,180.43,208.32,219.64000000000001,447.31,,,
SOLUSDT,AGRESSIF,181.93,207.31,221.14000000000001,448.81,,,
SOLUSDT,AGRESSIF,181.94,207.32,220.57999999999998,448.82,,,
SOLUSDT,AGRESSIF,187.15,218.09,236.48,450.494,,,
SOLUSDT,AGRESSIF,186.95,217.89,236.27999999999997,450.29400000000004,,,
SOLUSDT,AGRESSIF,186.89,217.82999999999998,236.21999999999997,450.23400000000004,,,
SOLUSDT,AGRESSIF,188.56,218.92000000000002,237.89,451.90400000000005,,,
SOLUSDT,AGRESSIF,193.46,213.64000000000001,236.63,435.648,,,
SOLUSDT,AGRESSIF,195.78,232.3,235.95,432.38,,,
SOLUSDT,AGRESSIF,206.38,234.92,244.47,442.98,,,
SOLUSDT,AGRESSIF,213.03,241.57,251.12,449.63,,,
SOLUSDT,AGRESSIF,213.08,244.45000000000002,254.00000000000003,449.68000000000006,,,
SOLUSDT,AGRESSIF,202.87,235.7,245.25,439.47,,,
SOLUSDT,AGRESSIF,211.26,230.14999999999998,253.64,443.35900000000004,,,
SOLUSDT,AGRESSIF,210.65,229.54,252.68,442.749,,,
SOLUSDT,AGRESSIF,219.2,239.81,253.82,447.949,,,
SOLUSDT,AGRESSIF,222.14,245.88,258.47,450.889,,,
SOLUSDT,AGRESSIF,223.04,249.85999999999999,258.49,451.789,,,
SOLUSDT,AGRESSIF,223.94,250.76,256.17999999999995,452.689,,,
SOLUSDT,AGRESSIF,224.05,250.87,255.94,452.79900000000004,,,
SOLUSDT,AGRESSIF,224.93,251.75,256.82,453.67900000000003,,,
SOLUSDT,AGRESSIF,226.69,256.56,261.63,455.439,,,
SOLUSDT,AGRESSIF,239.03,277.36,284.65999999999997,467.779,,,
SOLUSDT,AGRESSIF,239.21,279.61,286.90999999999997,467.95900000000006,,,
SOLUSDT,AGRESSIF,242.07,280.53999999999996,292.01,470.819,,,
SOLUSDT,AGRESSIF,245.99,283.88,301.48,474.73900000000003,,,
SOLUSDT,AGRESSIF,242.4,277.07000000000005,297.89,471.149,,,
SOLUSDT,AGRESSIF,246.62,266.15,297.04,463.26000000000005,,,
SOLUSDT,AGRESSIF,248.11,267.64,298.53000000000003,464.75000000000006,,,
SOLUSDT,AGRESSIF,248.24,271.71000000000004,302.6,464.88000000000005,,,
SOLUSDT,AGRESSIF,208.85,234.28,271.62,425.49,,,
SOLUSDT,AGRESSIF,209.97,234.59,272.74,426.61,,,
SOLUSDT,AGRESSIF,208.9,232.86,271.67,425.5400000000001,,,
SOLUSDT,AGRESSIF,229.11,261.82000000000005,284.04,445.75000000000006,,,
SOLUSDT,AGRESSIF,224.8,257.51,275.81,441.44000000000005,,,
SOLUSDT,AGRESSIF,235.55,255.53000000000003,283.1,452.19000000000005,,,
SOLUSDT,TRES_AGRESSIF,78.286,106.703,123.111,,,,
SOLUSDT,TRES_AGRESSIF,78.779,106.93599999999999,123.604,,,,
SOLUSDT,TRES_AGRESSIF,79.801,104.15799999999999,126.226,,,,
SOLUSDT,TRES_AGRESSIF,72.808,95.314,118.586,,,,
SOLUSDT,TRES_AGRESSIF,75.471,93.58099999999999,121.249,,,,
SOLUSDT,TRES_AGRESSIF,78.327,92.142,123.452,,,,
SOLUSDT,TRES_AGRESSIF,77.33,91.145,121.701,,,,
SOLUSDT,TRES_AGRESSIF,71.62,85.136,115.72999999999999,,,,
SOLUSDT,TRES_AGRESSIF,74.8,88.285,117.53699999999999,,2090.0,2106.0,
SOLUSDT,TRES_AGRESSIF,81.417,99.152,125.854,,,,
SOLUSDT,TRES_AGRESSIF,82.333,100.503,127.205,,,,
SOLUSDT,TRES_AGRESSIF,94.242,126.084,148.764,,,,
SOLUSDT,TRES_AGRESSIF,97.725,133.66,156.34,,,,
SOLUSDT,TRES_AGRESSIF,116.136,166.089,187.904,,,,
SOLUSDT,TRES_AGRESSIF,121.95,162.03,186.325,,,,
SOLUSDT,TRES_AGRESSIF,127.347,167.427,191.72199999999998,,,,
SOLUSDT,TRES_AGRESSIF,135.495,182.47700000000003,206.77200000000002,,,,
SOLUSDT,TRES_AGRESSIF,151.456,193.94599999999997,237.18099999999998,,,,
SOLUSDT,TRES_AGRESSIF,173.482,235.925,282.875,,,,
SOLUSDT,TRES_AGRESSIF,187.948,269.218,317.405,,,,
SOLUSDT,TRES_AGRESSIF,169.248,207.213,255.63799999999998,,,,
SOLUSDT,TRES_AGRESSIF,149.896,205.298,250.70999999999998,,,,
SOLUSDT,TRES_AGRESSIF,170.422,213.162,226.326,,,,
SOLUSDT,TRES_AGRESSIF,233.736,272.377,308.33000000000004,,,,
SOLUSDT,TRES_AGRESSIF,207.314,263.426,280.99,,,,
SOLUSDT,TRES_AGRESSIF,228.999,275.881,302.675,,,,
SOLUSDT,TRES_AGRESSIF,222.526,271.637,289.86,,,,
SOLUSDT,TRES_AGRESSIF,224.556,270.925,291.641,,,,
SOLUSDT,TRES_AGRESSIF,31.739,36.979,44.596000000000004,167.532,,,
SOLUSDT,TRES_AGRESSIF,32.357,37.542,45.214,168.15,,,
SOLUSDT,TRES_AGRESSIF,31.578,36.084,43.99,167.371,,,
SOLUSDT,TRES_AGRESSIF,32.251,36.757,44.571,168.044,6857.0,6907.0,
SOLUSDT,TRES_AGRESSIF,32.616,37.122,44.936,168.409,6857.0,6907.0,
SOLUSDT,TRES_AGRESSIF,32.994,37.5,45.314,168.787,6857.0,6907.0,
SOLUSDT,TRES_AGRESSIF,47.601,56.945,65.889,183.394,,,
SOLUSDT,TRES_AGRESSIF,58.167,75.357,88.606,193.96,,,
SOLUSDT,TRES_AGRESSIF,57.362,68.313,84.806,193.155,,,
SOLUSDT,TRES_AGRESSIF,58.06,69.011,85.50399999999999,193.853,,,
SOLUSDT,TRES_AGRESSIF,58.851,68.815,80.607,194.644,,,
SOLUSDT,TRES_AGRESSIF,60.063,68.45,77.219,195.856,,,
SOLUSDT,TRES_AGRESSIF,60.775,69.162,77.93099999999998,196.568,,,
SOLUSDT,TRES_AGRESSIF,59.98,68.36699999999999,77.136,195.773,,,
SOLUSDT,TRES_AGRESSIF,60.788,69.175,77.94399999999999,196.58100000000002,,,
SOLUSDT,TRES_AGRESSIF,61.051,69.576,74.65,196.844,,,
SOLUSDT,TRES_AGRESSIF,64.424,71.046,78.846,200.217,7080.0,7123.0,
SOLUSDT,TRES_AGRESSIF,63.427,70.049,77.84899999999999,199.22,7080.0,7123.0,
SOLUSDT,TRES_AGRESSIF,63.051,70.848,78.648,198.844,7080.0,7123.0,
SOLUSDT,TRES_AGRESSIF,83.417,101.396,106.791,219.21,,,
SOLUSDT,TRES_AGRESSIF,86.829,107.178,112.573,222.622,,,
SOLUSDT,TRES_AGRESSIF,87.09,108.72,114.115,222.883,,,
SOLUSDT,TRES_AGRESSIF,97.962,130.844,134.19400000000002,233.755,,,
SOLUSDT,TRES_AGRESSIF,96.831,126.137,133.06300000000002,232.62400000000002,,,
SOLUSDT,TRES_AGRESSIF,102.978,135.195,143.337,238.77100000000002,,,
SOLUSDT,TRES_AGRESSIF,107.966,146.554,154.853,243.75900000000001,,,
SOLUSDT,TRES_AGRESSIF,123.175,168.421,184.052,253.788,,,
SOLUSDT,TRES_AGRESSIF,120.947,166.835,184.38400000000001,251.56,,,
SOLUSDT,TRES_AGRESSIF,106.706,143.132,170.00400000000002,237.31900000000002,,,
SOLUSDT,TRES_AGRESSIF,108.673,145.099,171.971,239.286,,,
SOLUSDT,TRES_AGRESSIF,103.553,133.171,163.64,234.166,,,
SOLUSDT,TRES_AGRESSIF,104.364,124.293,164.45100000000002,234.977,,,
SOLUSDT,TRES_AGRESSIF,104.481,120.528,164.56799999999998,223.642,,,
SOLUSDT,TRES_AGRESSIF,106.079,119.898,166.166,225.24,,,
SOLUSDT,TRES_AGRESSIF,108.888,122.70700000000001,168.97500000000002,228.049,,,
SOLUSDT,TRES_AGRESSIF,104.961,138.551,150.849,224.122,,,
SOLUSDT,TRES_AGRESSIF,101.141,134.731,144.56900000000002,220.30200000000002,,,
SOLUSDT,TRES_AGRESSIF,99.804,123.004,143.232,218.965,,,
SOLUSDT,TRES_AGRESSIF,104.499,127.399,138.089,223.66,,,
SOLUSDT,TRES_AGRESSIF,100.825,123.72500000000001,134.415,219.986,,,
SOLUSDT,TRES_AGRESSIF,100.788,117.937,127.228,219.949,,,
SOLUSDT,TRES_AGRESSIF,115.753,128.809,139.091,234.914,,,
SOLUSDT,TRES_AGRESSIF,117.007,132.462,142.74400000000003,236.168,,,
SOLUSDT,TRES_AGRESSIF,139.378,159.903,184.021,269.597,,,
SOLUSDT,TRES_AGRESSIF,144.463,190.10399999999998,195.594,274.682,,,
SOLUSDT,TRES_AGRESSIF,145.861,194.77100000000002,200.261,276.08000000000004,,,
SOLUSDT,TRES_AGRESSIF,148.458,197.368,202.858,278.677,,,
SOLUSDT,TRES_AGRESSIF,148.459,197.36900000000003,201.00900000000001,278.678,,,
SOLUSDT,TRES_AGRESSIF,143.024,191.93400000000003,195.574,273.24300000000005,,,
SOLUSDT,TRES_AGRESSIF,148.26,175.86,200.81,293.38300000000004,,,
SOLUSDT,TRES_AGRESSIF,150.911,169.84,202.221,296.034,7664.0,7685.0,
SOLUSDT,TRES_AGRESSIF,153.93,172.859,205.24,299.053,7664.0,7687.0,
SOLUSDT,TRES_AGRESSIF,157.366,180.586,212.96700000000004,302.48900000000003,,,
SOLUSDT,TRES_AGRESSIF,176.852,219.18099999999998,251.562,321.975,,,
SOLUSDT,TRES_AGRESSIF,192.783,249.452,287.062,337.906,,,
SOLUSDT,TRES_AGRESSIF,201.96,258.071,302.97,347.083,,,
SOLUSDT,TRES_AGRESSIF,175.667,198.65400000000002,226.842,378.31500000000005,,,
SOLUSDT,TRES_AGRESSIF,172.096,196.45100000000002,223.27100000000002,374.744,,,
SOLUSDT,TRES_AGRESSIF,168.356,194.87900000000002,219.531,371.004,,,
SOLUSDT,TRES_AGRESSIF,192.192,220.21200000000002,242.211,394.84000000000003,,,
SOLUSDT,TRES_AGRESSIF,192.309,220.898,242.897,394.957,,,
SOLUSDT,TRES_AGRESSIF,180.957,209.546,223.269,383.605,,,
SOLUSDT,TRES_AGRESSIF,179.072,201.383,220.463,381.72,,,
SOLUSDT,TRES_AGRESSIF,154.099,169.355,188.89999999999998,351.924,,,
SOLUSDT,TRES_AGRESSIF,152.428,167.684,187.22899999999998,350.25300000000004,,,
SOLUSDT,TRES_AGRESSIF,152.38,175.953,178.378,350.20500000000004,,,
SOLUSDT,TRES_AGRESSIF,153.24,177.793,180.218,351.06500000000005,,,
SOLUSDT,TRES_AGRESSIF,154.14,173.533,181.11799999999997,351.96500000000003,,,
SOLUSDT,TRES_AGRESSIF,151.25,166.84799999999998,178.22799999999998,349.07500000000005,,,
SOLUSDT,TRES_AGRESSIF,150.44,166.03799999999998,177.41799999999998,348.265,,,
SOLUSDT,TRES_AGRESSIF,154.65,170.022,181.07,352.475,,,
SOLUSDT,TRES_AGRESSIF,154.86,168.135,179.413,352.68500000000006,,,
SOLUSDT,TRES_AGRESSIF,159.7,172.05999999999997,184.253,357.525,,,
SOLUSDT,TRES_AGRESSIF,159.14,172.10999999999999,184.303,356.96500000000003,,,
SOLUSDT,TRES_AGRESSIF,166.48,190.79,202.983,364.305,,,
SOLUSDT,TRES_AGRESSIF,166.38,190.69,202.883,364.20500000000004,,,
SOLUSDT,TRES_AGRESSIF,167.89,192.2,204.393,365.71500000000003,,,
SOLUSDT,TRES_AGRESSIF,173.03,193.32000000000002,211.40300000000002,370.855,,,
SOLUSDT,TRES_AGRESSIF,170.82,191.63,209.713,368.645,,,
SOLUSDT,TRES_AGRESSIF,174.1,195.55,213.633,371.925,,,
SOLUSDT,TRES_AGRESSIF,181.79,204.92999999999998,216.42999999999998,379.615,,,
SOLUSDT,TRES_AGRESSIF,180.12,203.81,215.31,377.94500000000005,,,
SOLUSDT,TRES_AGRESSIF,179.4,203.62,215.12,377.225,,,
SOLUSDT,TRES_AGRESSIF,180.12,204.34,215.84,377.94500000000005,,,
SOLUSDT,TRES_AGRESSIF,175.69,199.91,211.41,373.515,,,
SOLUSDT,TRES_AGRESSIF,166.96,187.3,198.47,364.785,,,
SOLUSDT,TRES_AGRESSIF,163.47,186.1,193.3,361.295,,,
SOLUSDT,TRES_AGRESSIF,202.25,252.55,252.55,400.07500000000005,,,
SOLUSDT,TRES_AGRESSIF,218.69,243.53,289.35,421.73,9156.0,,
SOLUSDT,TRES_AGRESSIF,221.52,246.36,292.18,424.56,,,
SOLUSDT,TRES_AGRESSIF,219.09,243.93,289.75,422.13,9156.0,,
SOLUSDT,TRES_AGRESSIF,249.03,290.32,317.72,478.92,,,
SOLUSDT,TRES_AGRESSIF,259.94,295.23,329.55999999999995,489.83000000000004,,,
SOLUSDT,TRES_AGRESSIF,176.57,204.45999999999998,216.45999999999998,443.45,,,
SOLUSDT,TRES_AGRESSIF,177.37,205.26,217.26,444.25,,,
SOLUSDT,TRES_AGRESSIF,180.43,208.32,219.64000000000001,447.31,,,
SOLUSDT,TRES_AGRESSIF,181.93,207.31,221.14000000000001,448.81,,,
SOLUSDT,TRES_AGRESSIF,181.94,207.32,220.57999999999998,448.82,,,
SOLUSDT,TRES_AGRESSIF,187.15,218.09,236.48,450.494,,,
SOLUSDT,TRES_AGRESSIF,186.95,217.89,236.27999999999997,450.29400000000004,,,
SOLUSDT,TRES_AGRESSIF,186.89,217.82999999999998,236.21999999999997,450.23400000000004,,,
SOLUSDT,TRES_AGRESSIF,188.56,218.92000000000002,237.89,451.90400000000005,,,
SOLUSDT,TRES_AGRESSIF,193.46,213.64000000000001,236.63,435.648,,,
SOLUSDT,TRES_AGRESSIF,195.78,232.3,235.95,432.38,,,
SOLUSDT,TRES_AGRESSIF,206.38,234.92,244.47,442.98,,,
SOLUSDT,TRES_AGRESSIF,213.03,241.57,251.12,449.63,,,
SOLUSDT,TRES_AGRESSIF,213.08,244.45000000000002,254.00000000000003,449.68000000000006,,,
SOLUSDT,TRES_AGRESSIF,202.87,235.7,245.25,439.47,,,
SOLUSDT,TRES_AGRESSIF,211.26,230.14999999999998,253.64,443.35900000000004,,,
SOLUSDT,TRES_AGRESSIF,210.65,229.54,252.68,442.749,,,
SOLUSDT,TRES_AGRESSIF,219.2,239.81,253.82,447.949,,,
SOLUSDT,TRES_AGRESSIF,222.14,245.88,258.47,450.889,,,
SOLUSDT,TRES_AGRESSIF,223.04,249.85999999999999,258.49,451.789,,,
SOLUSDT,TRES_AGRESSIF,223.94,250.76,256.17999999999995,452.689,,,
SOLUSDT,TRES_AGRESSIF,224.05,250.87,255.94,452.79900000000004,,,
SOLUSDT,TRES_AGRESSIF,224.93,251.75,256.82,453.67900000000003,,,
SOLUSDT,TRES_AGRESSIF,226.69,256.56,261.63,455.439,,,
SOLUSDT,TRES_AGRESSIF,239.03,277.36,284.65999999999997,467.779,,,
SOLUSDT,TRES_AGRESSIF,239.21,279.61,286.90999999999997,467.95900000000006,,,
SOLUSDT,TRES_AGRESSIF,242.07,280.53999999999996,292.01,470.819,,,
SOLUSDT,TRES_AGRESSIF,245.99,283.88,301.48,474.73900000000003,,,
SOLUSDT,TRES_AGRESSIF,242.4,277.07000000000005,297.89,471.149,,,
SOLUSDT,TRES_AGRESSIF,246.62,266.15,297.04,463.26000000000005,,,
SOLUSDT,TRES_AGRESSIF,248.11,267.64,298.53000000000003,464.75000000000006,,,
SOLUSDT,TRES_AGRESSIF,248.24,271.71000000000004,302.6,464.88000000000005,,,
SOLUSDT,TRES_AGRESSIF,208.85,234.28,271.62,425.49,,,
SOLUSDT,TRES_AGRESSIF,209.97,234.59,272.74,426.61,,,
SOLUSDT,TRES_AGRESSIF,208.9,232.86,271.67,425.5400000000001,,,
SOLUSDT,TRES_AGRESSIF,229.11,261.82000000000005,284.04,445.75000000000006,,,
SOLUSDT,TRES_AGRESSIF,224.8,257.51,275.81,441.44000000000005,,,
SOLUSDT,TRES_AGRESSIF,235.55,255.53000000000003,283.1,452.19000000000005,,,
